Order ID,Product ID,Amount (kg),Order Confirm Date,Required Delivery Date
1005781,8908023,20000,,2020-07-30
1005998,8909373,6297,,2020-07-15
1005969,8908023,20000,2020-05-29,
1005969,8908023,20000,2020-05-29,
,,,,
1006069,8902635,10000,2020-06-16,2020-08-05
1005998,8909373,6500,2020-06-30,2020-09-10
1006067,8908023,21000,2020-06-22,2020-07-07
1006067,8908023,21000,2020-06-22,2020-07-14
1006067,8908023,10000,2020-06-22,2020-07-20
1006022,8902398,4000,2020-06-11,2020-07-16
1005969,8908023,20000,2020-06-29,2020-08-06
1005969,8908023,20000,2020-06-29,2020-08-10
1005969,8908023,20000,2020-06-29,2020-08-13
1005969,8908023,20000,2020-06-29,2020-08-18
1005969,8908023,20000,2020-06-29,2020-07-13
1005969,8908023,20000,2020-06-29,2020-07-17
1005969,8908023,20000,2020-06-29,2020-07-20
1005969,8908023,20000,2020-06-29,2020-07-24
1006018,8908748,20000,2020-06-16,2020-07-13
1006018,8908748,20000,2020-06-16,2020-07-17
1006018,8908748,20000,2020-06-16,2020-07-20
1006018,8908748,20000,2020-06-16,2020-07-24
1006018,8908748,20000,2020-06-16,2020-07-28
1006018,8908748,20000,2020-06-16,2020-08-01
1006018,8908748,20000,2020-06-16,2020-08-07
1004812,8908023,21000,2017-02-14,2017-03-20
1004812,8908023,21000,2017-02-14,2017-03-27
1004812,8908023,21000,2017-02-14,2017-04-03
1004484,8902635,22400,2017-02-27,2017-05-24
1004484,8902635,11200,2017-02-27,2017-06-01
1004484,8902635,22400,2017-02-27,2017-06-01
1004484,8902635,22400,2017-02-27,2017-06-13
1004547,8908112,20000,2017-02-27,2017-03-28
1004812,8908024,21000,2017-02-27,2017-04-19
1004812,8908023,21000,2017-02-27,2017-04-10
1004812,8908023,21000,2017-02-27,2017-04-19
1004812,8908023,21000,2017-02-27,2017-04-26
1005256,8906381,4920,2017-03-27,2017-06-10
1004886,8908672,19200,2017-04-10,2017-05-29
1004886,8908749,20000,2017-04-10,2017-05-08
1004886,8908749,20000,2017-04-10,2017-05-12
1004886,8908749,20000,2017-04-10,2017-05-19
1004886,8908749,20000,2017-04-10,2017-05-24
1004886,8908749,20000,2017-04-10,2017-05-26
1004548,8908023,21000,2017-05-10,2017-05-31
1004886,8908749,20000,2017-05-10,2017-06-05
1004886,8908749,20000,2017-05-10,2017-06-09
1004886,8908749,20000,2017-05-10,2017-06-14
1004886,8908749,20000,2017-05-10,2017-06-16
1004886,8908749,20000,2017-05-10,2017-06-21
1004886,8908749,20000,2017-05-10,2017-06-26
1004886,8908749,20000,2017-05-10,2017-06-26
1004577,8908023,21000,2017-05-11,2017-06-19
1004558,8908112,20133,2017-05-15,2017-06-21
1004558,8907133,6000,2017-05-15,2017-06-14
1004558,8908023,21000,2017-01-02,2017-02-08
1004558,8908023,21000,2017-01-02,2017-02-15
1004886,8908023,20000,2017-01-04,2017-02-10
1004886,8908023,20000,2017-01-04,2017-02-21
1004886,8908023,20000,2017-01-04,2017-02-28
1004886,8908748,20000,2017-01-04,2017-02-10
1004886,8908748,20000,2017-01-04,2017-02-17
1004886,8908748,20000,2017-01-04,2017-02-21
1004886,8908748,20000,2017-01-04,2017-02-28
1004886,8908748,20000,2017-01-04,2017-02-03
1004886,8908748,20000,2017-01-04,2017-02-24
1004886,8908672,20300,2017-01-04,2017-02-10
1004886,8908749,20000,2017-01-04,2017-02-22
1004886,8908749,20000,2017-01-04,2017-02-06
1004553,8908114,21000,2017-01-24,2017-03-01
1004553,8908114,21000,2017-01-24,2017-02-22
1004217,8905735,2350,2017-01-25,2017-03-23
1005256,8905735,1400,2017-02-21,2017-05-10
1004558,8908023,21000,2017-03-13,2017-04-25
1004558,8908023,14400,2017-03-13,2017-05-02
1004558,8907133,4500,2017-03-13,2017-04-18
1004553,8902635,21000,2017-03-27,2017-05-10
1004553,8908023,21000,2017-03-27,2017-05-11
1005256,8906381,4200,2017-04-21,2017-07-20
1004558,8908023,21000,2017-05-02,2017-05-22
1004558,8908023,21000,2017-05-02,2017-06-07
1004558,8908023,14000,2017-05-02,2017-06-14
1004558,8908023,21000,2017-05-02,2017-06-21
1005256,8906381,4200,2017-05-04,2017-08-15
1005256,8905735,920,2017-05-04,2017-08-15
1004558,8908023,21000,2017-05-08,2017-06-21
1004553,8902635,21000,2017-05-08,2017-06-29
1004553,8902635,21000,2017-05-08,2017-06-30
1004553,8908023,20000,2017-05-08,2017-06-28
1004812,8908023,21000,2017-05-19,2017-06-05
1004812,8908023,21000,2017-05-19,2017-06-12
1004812,8908023,21000,2017-05-19,2017-06-19
1004812,8908023,21000,2017-05-19,2017-06-19
1004812,8908023,21000,2017-05-19,2017-06-26
1004812,8908023,21000,2017-05-19,2017-06-30
1004577,8908023,21000,2017-05-19,2017-07-31
1004553,8908114,21000,2017-01-02,2017-02-15
1004558,8908024,21000,2017-01-02,2017-01-25
1005521,8908114,20000,2020-05-06,2020-05-11
1004548,8907133,4500,2017-01-02,2017-02-08
1004553,8902635,21000,2017-01-16,2017-02-21
1004553,8902635,21000,2017-01-16,2017-02-28
1004553,8902635,21000,2017-01-16,2017-03-07
1004553,8908114,21000,2017-01-16,2017-03-01
1004553,8908114,21000,2017-01-16,2017-03-08
1004553,8908023,21000,2017-01-16,2017-03-07
1004558,8908112,21000,2017-01-24,2017-02-02
1004577,8908023,21000,2017-01-26,2017-02-27
1004553,8902635,21000,2017-01-30,2017-03-21
1004547,8908023,21000,2017-02-03,2017-03-08
1004547,8908112,20000,2017-02-03,2017-02-28
1004547,8908112,20000,2017-02-03,2017-03-14
1004547,8902635,21000,2017-02-03,2017-03-08
1004547,8902635,21000,2017-02-03,2017-03-15
1004553,8902635,21000,2017-02-03,2017-03-09
1004553,8908023,21000,2017-02-17,2017-04-11
1004553,8908023,21000,2017-02-17,2017-03-14
1004553,8908023,21000,2017-02-17,2017-04-04
1004553,8908112,12133,2017-02-17,2017-03-08
1004553,8908112,12133,2017-02-17,2017-04-03
1004553,8902635,21000,2017-02-17,2017-04-03
1004553,8908023,21000,2017-03-03,2017-04-25
1004553,8902635,21000,2017-03-03,2017-04-17
1004886,8908023,20221,2017-03-06,2017-04-21
1004886,8908023,20221,2017-03-06,2017-04-28
1004886,8908748,20000,2017-03-06,2017-04-03
1004886,8908748,20000,2017-03-06,2017-04-05
1004886,8908748,20000,2017-03-06,2017-04-07
1004886,8908748,20000,2017-03-06,2017-04-11
1004886,8908748,20000,2017-03-06,2017-04-13
1004886,8908748,20000,2017-03-06,2017-04-19
1004886,8908748,20000,2017-03-06,2017-04-21
1004886,8908748,20000,2017-03-06,2017-04-26
1004886,8908748,20000,2017-03-06,2017-04-28
1004886,8908672,19200,2017-03-06,2017-04-21
1004886,8908749,20000,2017-03-06,2017-04-05
1004886,8908749,20000,2017-03-06,2017-04-13
1004886,8908749,20000,2017-03-06,2017-04-21
1004886,8908749,20000,2017-03-06,2017-04-28
1004553,8902635,21000,2017-03-10,2017-03-27
1004553,8908111,12000,2017-03-10,2017-04-17
1004577,8908023,21000,2017-01-12,2017-02-27
1004577,8908023,21000,2017-01-12,2017-02-07
1004577,8908023,21000,2017-01-19,2017-03-06
1004547,8902635,21000,2017-02-17,2017-03-21
1004547,8902635,21000,2017-02-17,2017-03-23
1004547,8902635,21000,2017-02-17,2017-03-28
1004547,8902635,21000,2017-02-17,2017-04-04
1004602,8902635,11200,2017-03-20,2017-06-05
1004602,8902635,11200,2017-03-20,2017-06-05
1004602,8902635,11200,2017-03-20,2017-06-11
1004602,8902635,11200,2017-03-20,2017-06-11
1004602,8902635,11200,2017-03-20,2017-06-18
1004886,8908023,20000,2017-03-22,2017-06-09
1004886,8908023,20000,2017-03-22,2017-06-21
1004886,8908023,20000,2017-03-22,2017-05-10
1004886,8908023,20000,2017-03-22,2017-05-25
1004886,8908748,20000,2017-03-22,2017-05-10
1004886,8908748,20000,2017-03-22,2017-05-10
1004886,8908748,20000,2017-03-22,2017-05-12
1004886,8908748,20000,2017-03-22,2017-05-12
1004886,8908748,20000,2017-03-22,2017-05-17
1004886,8908748,20000,2017-03-22,2017-05-18
1004886,8908748,20000,2017-03-22,2017-05-24
1004886,8908748,20000,2017-03-22,2017-05-26
1004886,8908748,20000,2017-03-22,2017-05-31
1004886,8908748,20000,2017-03-22,2017-05-31
1004886,8908748,20000,2017-03-22,2017-06-07
1004886,8908748,20000,2017-03-22,2017-06-09
1004886,8908748,20000,2017-03-22,2017-06-14
1004886,8908748,20000,2017-03-22,2017-06-16
1004886,8908748,20000,2017-03-22,2017-06-16
1004553,8908114,21000,2017-03-31,2017-04-19
1004553,8908023,21000,2017-03-31,2017-05-18
1004553,8908112,12133,2017-03-31,2017-05-22
1004577,8908023,21000,2017-04-06,2017-06-19
1004602,8902398,3400,2017-04-06,2017-06-13
1005256,8906381,4200,2017-04-18,2017-07-01
1004812,8908023,21000,2017-01-03,2017-01-30
1004812,8908023,21000,2017-01-03,2017-02-27
1004547,8908023,21000,2017-01-06,2017-01-31
1004558,8908023,21000,2017-01-09,2017-02-22
1004558,8908023,21000,2017-01-09,2017-02-22
1004558,8908023,21000,2017-01-09,2017-03-01
1004558,8902398,1318,2017-01-09,2017-02-15
1004812,8908024,21000,2017-01-09,2017-01-30
1004812,8908024,21000,2017-01-09,2017-03-06
1004812,8908024,21000,2017-01-09,2017-03-06
1004812,8908023,21000,2017-01-09,2017-01-30
1004812,8908023,21000,2017-01-09,2017-03-06
1004484,8902635,22400,2017-01-12,2017-03-27
1004484,8902635,22400,2017-01-12,2017-04-03
1004558,8908023,21000,2017-01-24,2017-03-01
1004558,8908023,21000,2017-01-24,2017-03-07
1004558,8907133,4500,2017-01-24,2017-02-15
1004558,8908023,21000,2017-01-24,2017-03-07
1005256,8906381,4200,2017-01-26,2017-04-10
1004886,8908023,20221,2017-02-06,2017-03-10
1004886,8908023,20221,2017-02-06,2017-03-22
1004886,8908748,20000,2017-02-06,2017-03-03
1004886,8908748,20000,2017-02-06,2017-03-06
1004886,8908748,20000,2017-02-06,2017-03-10
1004886,8908748,20000,2017-02-06,2017-03-15
1004886,8908748,20000,2017-02-06,2017-03-17
1004886,8908748,20000,2017-02-06,2017-03-22
1004886,8908748,20000,2017-02-06,2017-03-27
1004886,8908748,20000,2017-02-06,2017-03-31
1004886,8908672,19200,2017-02-06,2017-03-14
1004886,8908749,20000,2017-02-06,2017-03-08
1004886,8908749,20000,2017-02-06,2017-03-21
1004484,8902635,22400,2017-02-16,2017-05-11
1004484,8902635,22400,2017-02-16,2017-05-05
1004484,8902635,22400,2017-02-17,2017-04-13
1004484,8902635,22400,2017-02-17,2017-04-20
1004484,8902635,22400,2017-02-17,2017-05-16
1004558,8908023,21000,2017-02-20,2017-04-04
1004558,8908023,21000,2017-02-20,2017-04-11
1004558,8908112,21000,2017-02-20,2017-03-01
1004558,8908112,21000,2017-02-20,2017-03-29
1004558,8907133,4500,2017-02-20,2017-03-15
1005256,8906381,4600,2017-02-21,2017-05-10
1004553,8902635,21000,2017-01-23,2017-03-14
1004553,8908023,21000,2017-01-23,2017-02-03
1004602,8902635,11200,2017-01-24,2017-04-17
1004602,8902635,11200,2017-01-24,2017-04-24
1004602,8902635,11200,2017-01-24,2017-04-03
1004602,8902635,11200,2017-01-24,2017-04-10
1004553,8908023,21000,2017-02-03,2017-03-07
1004558,8908023,21000,2017-02-03,2017-03-29
1004558,8908112,21000,2017-02-03,2017-03-07
1004558,8902398,1318,2017-02-03,2017-03-22
1004553,8902635,21000,2017-02-10,2017-03-23
1004577,8908023,21000,2017-02-10,2017-02-23
1004484,8902398,580,2017-02-16,2017-03-28
1004548,8908111,12700,2017-03-10,2017-03-27
1004548,8907133,6000,2017-03-10,2017-03-27
1004548,8902398,1338,2017-03-10,2017-03-27
1004547,8908112,20000,2017-03-17,2017-04-20
1004547,8908112,20000,2017-03-17,2017-05-04
1004547,8902635,21000,2017-03-17,2017-05-09
1004558,8908023,21000,2017-03-31,2017-05-09
1004558,8908023,21000,2017-03-31,2017-05-16
1004547,8902615,2960,2017-02-14,2017-03-28
1004547,8908880,5300,2017-02-14,2017-03-28
1004484,8902635,11200,2017-02-28,2017-05-24
1004812,8908024,21000,2017-03-10,2017-04-24
1004812,8908023,21000,2017-03-10,2017-05-05
1004547,8902635,21000,2017-04-07,2017-05-23
1004577,8908023,21000,2017-04-13,2017-07-03
1004553,8908023,21000,2017-04-17,2017-05-23
1004553,8908023,21000,2017-04-17,2017-06-09
1004553,8902635,21000,2017-04-17,2017-05-31
1004553,8902635,21000,2017-04-17,2017-06-09
1004553,8902635,21000,2017-04-21,2017-06-01
1004553,8902635,21000,2017-04-21,2017-06-08
1004553,8902635,21000,2017-04-21,2017-06-13
1004553,8902635,21000,2017-04-21,2017-06-14
1004553,8908023,21000,2017-04-28,2017-06-14
1004553,8908023,21000,2017-04-28,2017-06-21
1004553,8908023,21000,2017-04-28,2017-05-26
1004553,8908112,12133,2017-04-28,2017-06-19
1004547,8902635,21000,2017-05-08,2017-06-21
1004547,8902635,19600,2017-05-08,2017-06-28
1004602,8902635,22400,2017-05-08,2017-06-19
1004602,8902635,11200,2017-05-08,2017-06-26
1004602,8902635,11200,2017-05-08,2017-07-03
1004602,8902635,11200,2017-05-08,2017-07-10
1004602,8902635,22400,2017-05-08,2017-07-17
1004553,8902635,21000,2017-05-09,2017-06-08
1004553,8902635,21000,2017-05-09,2017-05-29
1004484,8902635,22400,2017-02-08,2017-04-09
1005256,8905735,1840,2017-08-10,2017-11-01
1004577,8908023,21000,2017-08-10,2017-09-12
1004577,8908023,21000,2017-08-10,2017-09-18
1004484,8601971,740,2017-09-06,2017-11-08
1004558,8908023,21000,2017-09-06,2017-10-10
1004553,8902635,21000,2017-09-13,2017-10-26
1004553,8902635,21000,2017-09-13,2017-10-26
1004558,8907133,6000,2017-06-19,2017-08-01
1004886,8908023,20000,2017-06-30,2017-08-04
1004886,8908023,20000,2017-06-30,2017-08-25
1004886,8908023,20000,2017-06-30,2017-08-14
1004886,8908748,20000,2017-06-30,2017-08-31
1004886,8908748,20000,2017-06-30,2017-08-31
1004886,8908748,20000,2017-06-30,2017-08-28
1004886,8908748,20000,2017-06-30,2017-08-11
1004886,8908748,20000,2017-06-30,2017-08-18
1004886,8908748,20000,2017-06-30,2017-08-23
1004886,8908748,20000,2017-06-30,2017-08-07
1004558,8908023,11000,2017-07-07,2017-08-01
1005256,8906381,1600,2017-07-13,2017-09-01
1004547,8902635,20277,2017-07-17,2017-08-24
1004553,8902635,21000,2017-07-24,2017-08-30
1004553,8902635,21000,2017-07-24,2017-08-30
1004553,8908023,21000,2017-07-24,2017-09-12
1004547,8908023,20128,2017-07-17,2017-09-05
1005256,8905735,1380,2017-07-25,2017-08-15
1004558,8908023,21000,2017-07-29,2017-08-30
1004558,8908023,21000,2017-07-29,2017-09-19
1004812,8908023,21000,2017-08-01,2017-09-04
1004812,8908023,21000,2017-08-01,2017-09-11
1004812,8908023,21000,2017-08-01,2017-09-18
1004812,8908023,21000,2017-08-01,2017-09-18
1004553,8902635,21000,2017-08-07,2017-09-20
1004553,8902635,21000,2017-08-07,2017-09-20
1004548,8908023,21000,2017-08-18,2017-09-11
1004548,8908023,21000,2017-08-18,2017-09-25
1004548,8908023,21000,2017-08-18,2017-10-09
1004548,8902398,1500,2017-08-18,2017-09-25
1004547,8908112,20000,2017-08-18,2017-09-27
1004484,8902398,600,2017-08-23,2017-11-15
1004553,8908023,20000,2017-09-06,2017-09-14
1004558,8908023,21000,2017-05-23,2017-07-05
1004558,8908023,21000,2017-05-23,2017-07-12
1004558,8902398,1338,2017-05-23,2017-06-08
1004553,8908023,10000,2017-05-26,2017-06-01
1004547,8902635,21000,2017-05-29,2017-07-12
1004547,8902635,21000,2017-05-29,2019-07-19
1004886,8908023,20001,2017-06-02,2017-07-13
1004886,8908023,20000,2017-06-02,2017-07-26
1004886,8908748,20000,2017-06-02,2017-07-14
1004886,8908748,20000,2017-06-02,2017-07-19
1004886,8908748,20000,2017-06-02,2017-07-21
1004886,8908748,20000,2017-06-02,2017-07-26
1004886,8908748,20000,2017-06-02,2017-07-28
1004886,8908748,20000,2017-06-02,2017-07-21
1004886,8908672,19200,2017-06-02,2017-07-14
1004886,8908749,20000,2017-06-02,2017-07-05
1004886,8908749,20000,2017-06-02,2017-07-06
1004886,8908749,20000,2017-06-02,2017-07-10
1004886,8908749,20000,2017-06-02,2017-07-12
1004886,8908749,20000,2017-06-02,2017-07-19
1004886,8908749,20000,2017-06-02,2017-07-24
1004886,8908749,20000,2017-06-02,2017-07-27
1004886,8908749,20000,2017-06-02,2017-07-31
1004558,8908023,21000,2017-06-05,2017-06-27
1004558,8908023,21000,2017-06-05,2017-07-18
1004558,8908023,21000,2017-06-05,2017-07-25
1004558,8908112,20133,2017-06-05,2017-07-17
1004553,8908023,21000,2017-06-16,2017-08-02
1004558,8908023,21000,2017-06-28,2017-07-18
1004558,8908023,18000,2017-06-28,2017-08-16
1004602,8902398,5600,2017-06-30,2017-08-21
1004602,8902635,11200,2017-06-30,2017-08-28
1004602,8902635,11200,2017-06-30,2017-09-04
1004602,8902635,11200,2017-06-30,2017-09-11
1004602,8902635,11200,2017-06-30,2017-09-18
1004812,8908023,21000,2017-06-30,2017-08-07
1004812,8908023,21000,2017-06-30,2017-08-21
1004812,8908023,21000,2017-06-30,2017-08-28
1004553,8902635,21000,2017-07-10,2017-08-24
1004553,8902635,21000,2017-07-10,2017-08-29
1004553,8908023,21000,2017-07-10,2017-09-01
1004553,8902635,21000,2017-07-17,2017-09-05
1005521,8908024,5000,2020-05-27,2020-06-26
1006020,8908023,7400,2020-06-12,2020-06-20
1005969,8908023,20000,2020-06-18,2020-06-25
1005969,8908023,20000,2020-06-18,2020-07-07
1006021,8902635,6500,2020-06-23,2020-07-06
1006020,8908023,15000,2020-06-30,2020-07-07
1006020,8908023,21000,2020-06-30,2020-08-17
1006020,8908023,15000,2020-06-30,2020-07-21
1005462,8909286,8700,2020-07-02,2020-09-10
1005462,8909286,13000,2020-07-02,2020-09-28
1004548,8908023,21000,2017-09-13,2017-10-23
1004548,8907133,9000,2017-09-13,2017-10-10
1004558,8908024,10600,2017-09-13,2017-09-27
1005256,8905735,1840,2017-09-13,2017-12-01
1004602,8902635,11200,2017-09-20,2017-10-23
1004602,8902635,11200,2017-09-20,2017-10-30
1004577,8908023,21000,2017-09-22,2017-11-14
1004547,8908023,20000,2017-09-22,2017-11-07
1004553,8908023,21000,2017-05-22,2017-07-05
1004553,8908023,21000,2017-05-22,2017-07-12
1004547,8908023,21000,2017-06-02,2017-06-27
1005256,8906381,2600,2017-06-08,2017-09-01
1005256,8906381,4200,2017-06-08,2017-09-25
1004577,8908023,21000,2017-06-08,2017-07-10
1004553,8908023,21000,2017-06-10,2017-07-26
1004553,8902635,21000,2017-06-10,2017-08-04
1004547,8908023,21000,2017-06-23,2017-07-26
1005256,8906381,4200,2017-07-06,2017-10-01
1004553,8902635,21000,2017-07-29,2017-09-15
1004553,8902635,21000,2017-07-29,2017-09-15
1004553,8908023,21000,2017-07-29,2017-09-15
1005364,8908023,20000,2017-08-02,2017-09-13
1005364,8908023,20000,2017-08-02,2017-09-26
1005364,8908748,20000,2017-08-02,2017-09-20
1005364,8908748,20000,2017-08-02,2017-09-25
1005364,8908748,20000,2017-08-02,2017-09-29
1005364,8908672,10200,2017-08-02,2017-09-22
1005364,8908749,20000,2017-08-02,2017-09-08
1005364,8908749,20000,2017-08-02,2017-09-11
1005364,8908749,20000,2017-08-02,2017-09-15
1005364,8908749,20000,2017-08-02,2017-09-25
1005364,8908749,20000,2017-08-02,2017-09-29
1004602,8902635,11200,2017-08-07,2017-09-25
1004602,8902635,11200,2017-08-07,2017-10-02
1004602,8902635,11200,2017-08-07,2017-10-09
1004602,8902635,11200,2017-08-07,2017-10-16
1004602,8902635,11200,2017-08-07,2017-10-23
1004812,8908023,21000,2017-08-17,2017-09-25
1004812,8908023,21000,2017-08-17,2017-10-02
1004558,8902398,1500,2017-08-18,2017-09-11
1004558,8908023,21000,2017-03-06,2017-03-23
1004558,8908023,21000,2017-03-06,2017-04-05
1004558,8908023,21000,2017-03-06,2017-04-19
1004558,8908112,21000,2017-03-06,2017-04-04
1004558,8908023,21000,2017-04-10,2017-05-30
1004558,8908112,20133,2017-04-10,2017-05-03
1004558,8908112,20133,2017-04-10,2017-05-10
1004558,8908112,20133,2017-04-10,2017-05-31
1004553,8908023,21000,2017-04-10,2017-05-30
1004553,8908023,21000,2017-04-10,2017-04-28
1004553,8902635,21000,2017-04-10,2017-05-17
1004553,8902635,21001,2017-04-10,2017-05-03
1004547,8902635,21000,2017-04-13,2017-05-10
1004547,8902635,21000,2017-04-13,2017-05-16
1004547,8902635,21000,2017-04-13,2017-05-31
1004547,8902635,21000,2017-04-13,2017-06-08
1004886,8908748,20000,2017-05-09,2017-06-23
1004886,8908748,20000,2017-05-09,2017-06-26
1004553,8908023,21000,2017-05-09,2017-05-22
1004602,8902635,11200,2017-05-29,2017-08-07
1004602,8902635,11200,2017-05-29,2017-08-14
1004602,8902635,11200,2017-05-29,2017-08-21
1004602,8902635,11200,2017-05-29,2017-08-07
1004812,8908023,21000,2017-06-28,2017-07-31
1004812,8908023,21000,2017-06-28,2017-08-07
1004812,8908023,21000,2017-06-28,2017-08-14
1004602,8902398,3900,2017-07-27,2017-09-24
1005256,8905735,2800,2017-07-27,2017-10-01
1004547,8908112,15000,2017-08-17,2017-09-12
1004558,8908112,13000,2017-08-18,2017-09-18
1004558,8908112,13000,2017-08-18,2017-09-26
1004558,8908112,22000,2017-08-18,2017-10-02
1004886,8908672,9100,2017-09-07,2017-09-22
1004602,8902635,11200,2017-09-07,2017-11-20
1004602,8902635,11200,2017-09-07,2017-10-30
1004602,8902635,11200,2017-09-07,2017-11-06
1004602,8902635,11200,2017-09-07,2017-11-13
1004577,8908023,21000,2017-09-07,2017-11-01
1004558,8908023,18000,2017-09-13,2017-10-17
1004558,8908023,22000,2017-09-13,2017-10-24
1004558,8908023,22000,2017-09-13,2017-10-31
1004558,8907133,3000,2017-09-13,2017-10-24
1004548,8908111,13500,2017-06-08,2017-07-10
1004548,8907133,7500,2017-06-08,2017-07-10
1005256,8905735,1400,2017-06-22,2017-09-25
1004886,8908672,19200,2017-06-30,2017-08-16
1004886,8908749,20000,2017-06-30,2017-08-04
1004886,8908749,20000,2017-06-30,2017-08-11
1004886,8908749,20000,2017-06-30,2017-08-18
1004886,8908749,20000,2017-06-30,2017-08-25
1004553,8908023,21000,2017-06-30,2017-08-25
1004553,8902635,20000,2017-07-05,2017-08-24
1004577,8908023,21000,2017-07-06,2017-08-21
1005256,8906381,4200,2017-07-13,2017-10-20
1005462,8902398,4200,2018-02-09,2018-04-02
1005462,8902398,1400,2018-02-09,2018-04-16
1005462,8902398,1400,2018-02-09,2018-04-23
1004553,8902635,21000,2017-10-25,2017-11-13
1004553,8902635,21000,2017-10-25,2017-12-11
1004547,8908023,21000,2017-11-11,2017-12-14
1004886,8908672,19400,2017-11-17,2017-12-15
1005436,8908672,20000,2017-11-22,2018-01-05
1005446,8908023,22000,2017-12-05,2018-01-24
1005446,8908023,22000,2017-12-05,2018-02-07
1005447,8907133,6000,2017-12-05,2018-02-06
1005465,8908023,21000,2017-12-22,2018-01-25
1005478,8908023,22000,2018-01-04,2018-02-07
1005478,8908023,22000,2018-01-04,2018-02-14
1005488,8908023,21000,2018-01-11,2018-02-07
1005488,8908023,21000,2018-01-11,2018-02-21
1004553,8908023,20000,2017-10-30,2017-12-01
1004577,8908023,21000,2017-11-16,2018-01-17
1005448,8908112,22000,2017-12-05,2018-01-30
1005495,8908112,14000,2018-01-15,2018-02-01
1005495,8908112,14000,2018-01-15,2018-02-22
1005486,8601986,956,2018-01-15,2018-04-02
1005488,8908023,21000,2018-01-25,2018-03-14
1005488,8908023,21000,2018-02-09,2018-03-28
1004548,8908023,22000,2018-02-13,2018-03-05
1004548,8908023,13000,2018-02-13,2018-03-12
1004553,8902635,21000,2017-11-09,2017-12-27
1005431,8908023,20000,2017-11-22,2018-01-09
1005431,8908023,20000,2017-11-22,2018-01-26
1004553,8908114,20000,2017-11-27,2017-12-12
1004553,8908114,15000,2017-11-29,2017-12-27
1004553,8908114,20000,2017-11-27,2017-12-18
1004553,8908114,20000,2017-11-27,2017-12-27
1005432,8902635,21000,2017-12-11,2018-01-23
1005432,8902635,21000,2017-12-20,2018-01-23
1005448,8908112,22000,2017-12-26,2018-03-27
1005444,8902635,11200,2017-12-29,2018-03-26
1005444,8902635,11200,2017-12-29,2018-03-05
1005444,8902635,11200,2017-12-29,2018-03-12
1005444,8902635,11200,2017-12-29,2018-03-19
1005435,8908023,21000,2018-02-01,2018-02-26
1005435,8908023,21000,2018-02-01,2018-03-02
1005432,8902635,21000,2018-02-13,2018-04-03
1005432,8902635,21000,2018-02-13,2018-04-03
1005429,8908748,20000,2018-02-13,2018-03-20
1005429,8908748,20000,2018-02-13,2018-03-23
1005429,8908748,20000,2018-02-13,2018-03-27
1005429,8908748,20000,2018-02-13,2018-03-30
1005431,8908023,20000,2018-02-13,2018-03-29
1005430,8908749,20000,2018-02-13,2018-03-27
1005430,8908749,20000,2018-02-13,2018-03-30
1005446,8908023,22000,2018-02-16,2018-02-28
1004548,8908023,22000,2018-02-18,2018-03-20
1004548,8908023,22000,2018-02-18,2018-04-04
1005432,8902635,21000,2018-02-18,2018-04-12
1005531,8902398,2816,2018-02-18,2018-03-14
1005435,8908023,21000,2018-02-19,2018-03-12
1004886,8908023,20000,2017-10-11,2017-12-07
1004886,8908023,20000,2017-10-11,2017-12-19
1004577,8908023,21000,2017-10-19,2017-12-06
1004577,8908023,21000,2017-10-19,2017-12-20
1004558,8908023,22000,2017-11-04,2018-01-03
1004558,8908023,22000,2017-11-04,2018-01-09
1004558,8908023,22000,2017-11-04,2018-01-16
1004812,8908023,20000,2017-11-16,2017-12-07
1004812,8908023,20000,2017-11-16,2017-12-18
1005435,8908023,21000,2017-12-02,2018-01-12
1005435,8908023,21000,2017-11-27,2018-01-08
1005432,8902635,21000,2017-11-27,2018-01-09
1005432,8902635,22000,2017-11-27,2018-01-16
1005444,8902635,11200,2017-11-30,2018-01-29
1005444,8902635,11200,2017-11-30,2018-01-29
1005444,8902635,11200,2017-11-30,2018-02-05
1005444,8902635,11200,2017-11-30,2018-02-26
1005452,8908112,12000,2017-12-11,2018-01-10
1005444,8902635,11200,2017-12-29,2018-02-26
1005435,8908023,21000,2018-01-02,2018-02-02
1005435,8908023,21000,2018-01-02,2018-02-09
1004558,8908023,22000,2017-10-13,2017-12-12
1004558,8908023,22000,2017-10-13,2017-12-19
1004558,8908023,22000,2017-10-27,2017-12-06
1004558,8908023,22000,2017-11-11,2018-01-23
1004558,8908023,14000,2017-11-11,2018-02-06
1004558,8908023,22000,2017-11-11,2018-01-30
1004548,8908023,13500,2017-11-11,2018-01-08
1004548,8907133,7500,2017-11-11,2018-01-08
1005429,8908748,20000,2017-11-22,2018-01-05
1005429,8908748,20000,2017-11-22,2018-01-09
1005429,8908748,20000,2017-11-22,2018-01-12
1005429,8908748,20000,2017-11-22,2018-01-16
1005429,8908748,20000,2017-11-22,2018-01-19
1005429,8908748,20000,2017-11-22,2018-01-23
1005429,8908748,20000,2017-11-22,2018-01-26
1005429,8908748,20000,2017-12-18,2018-01-31
1005430,8908749,20000,2017-11-22,2018-01-05
1005430,8908749,20000,2017-11-22,2018-01-12
1005430,8908749,20000,2017-11-22,2018-01-19
1005430,8908749,20000,2017-11-22,2018-01-26
1005430,8908749,20000,2017-12-18,2018-01-31
1005452,8908112,12000,2017-12-20,2018-01-29
1005446,8908023,22000,2017-12-26,2018-01-17
1005446,8908023,20000,2017-12-26,2018-03-14
1005446,8908023,22000,2017-12-26,2018-03-20
1005446,8908023,22000,2017-12-26,2018-03-27
1005446,8908023,22000,2017-12-26,2018-04-03
1005432,8902635,21000,2018-01-03,2018-01-23
1005432,8902635,21000,2018-01-03,2018-01-23
1005432,8902635,21000,2018-01-03,2018-02-08
1005432,8902635,21000,2018-01-03,2018-02-19
1005432,8902635,21000,2018-01-03,2018-02-08
1005432,8902635,21000,2018-01-03,2018-02-19
1005452,8908112,12000,2018-01-03,2018-02-12
1005429,8908748,20000,2018-01-09,2018-02-02
1005429,8908748,20000,2018-01-09,2018-02-06
1005429,8908748,20000,2018-01-09,2018-02-09
1005429,8908748,20000,2018-01-09,2018-02-13
1005429,8908748,20000,2018-01-09,2018-02-20
1005429,8908748,20000,2018-01-09,2018-02-23
1005429,8908748,20000,2018-01-09,2018-02-27
1005430,8908749,20000,2018-01-09,2018-02-13
1005430,8908749,20000,2018-01-09,2018-02-21
1005430,8908749,20000,2018-01-09,2018-02-28
1005431,8908023,20000,2018-01-09,2018-01-31
1005432,8902635,21000,2018-01-09,2018-02-26
1005465,8908023,21000,2018-01-17,2018-03-08
1004577,8908023,21000,2017-10-27,2017-12-27
1004553,8908112,21000,2017-09-20,2017-10-09
1004558,8908023,22000,2017-09-22,2017-11-07
1004484,8902398,458,2017-05-25,2017-07-21
1004553,8902635,21000,2017-06-05,2017-07-19
1004553,8902635,21000,2017-06-05,2017-07-27
1004812,8908023,21000,2017-06-07,2017-07-17
1004812,8908023,21000,2017-06-07,2017-07-24
1004558,8908112,21000,2017-07-24,2017-08-21
1004558,8908023,11000,2017-07-24,2017-08-01
1004558,8908023,21000,2017-07-24,2017-08-22
1004558,8908023,21000,2017-07-24,2017-08-29
1004558,8908023,21000,2017-07-24,2017-09-05
1004558,8908023,21000,2017-07-24,2017-09-12
1005256,8906381,4100,2017-07-27,2017-11-02
1004547,8908023,20128,2017-08-07,2017-09-19
1004547,8902635,21000,2017-08-14,2017-09-13
1004558,8908023,21000,2017-08-14,2017-09-25
1004558,8908023,18000,2017-08-14,2017-10-03
1004558,8907133,3000,2017-08-14,2017-08-28
1004558,8907133,3000,2017-08-14,2017-09-25
1004577,8908023,21000,2017-08-17,2017-10-16
1004558,8908024,10600,2017-09-15,2017-10-05
1004553,8908023,21000,2017-09-25,2017-10-18
1004553,8908023,21000,2017-09-25,2017-11-08
1004553,8902635,21000,2017-09-25,2017-11-15
1004558,8908023,22000,2017-09-25,2017-11-21
1004558,8908023,22000,2017-09-25,2017-11-14
1004558,8907133,3000,2017-09-25,2017-11-14
1004558,8908112,22000,2017-10-03,2017-12-05
1004558,8908112,20000,2017-10-03,2017-10-31
1004577,8908023,21000,2017-05-29,2017-08-14
1004558,8902398,2650,2017-07-03,2017-08-16
1004558,8902398,1300,2017-08-18,2017-09-25
1004602,8902635,9800,2017-08-22,2017-08-29
1004553,8902635,21000,2017-09-03,2017-10-03
1004553,8902635,21000,2017-09-03,2017-10-10
1004553,8902635,21000,2017-09-03,2017-10-10
1004553,8908023,21000,2017-09-03,2017-10-03
1004553,8908023,21000,2017-09-03,2017-10-17
1004553,8908023,21000,2017-09-03,2017-09-11
1004886,8908023,20000,2017-09-18,2017-10-12
1004886,8908023,20000,2017-09-18,2017-10-27
1004886,8908748,20000,2017-09-18,2017-10-09
1004886,8908748,20000,2017-09-18,2017-10-13
1004886,8908748,20000,2017-09-18,2017-10-20
1004886,8908748,20000,2017-09-18,2017-10-27
1004886,8908748,20000,2017-09-18,2017-10-31
1004886,8908748,20000,2017-09-18,2017-10-16
1004886,8908748,20000,2017-09-18,2017-10-23
1004886,8908672,5750,2017-09-18,2017-10-18
1004553,8908111,12000,2017-10-02,2017-10-23
1004558,8908023,22000,2017-10-03,2017-11-28
1004558,8908023,22000,2017-10-03,2017-12-05
1004558,8907133,6000,2017-10-03,2017-12-18
1004602,8902635,11200,2017-10-05,2017-12-11
1004602,8902635,11200,2017-10-05,2017-12-18
1005256,8906381,4175,2017-10-05,2017-12-25
1004577,8908023,21000,2017-10-05,2017-11-22
1004577,8908023,21000,2017-10-05,2017-12-01
1004886,8908023,20000,2017-10-05,2017-11-10
1004886,8908023,20000,2017-10-05,2017-11-24
1004886,8908748,20000,2017-10-05,2017-11-07
1004886,8908748,20000,2017-10-05,2017-11-10
1004886,8908748,20000,2017-10-05,2017-11-16
1004886,8908748,20000,2017-10-05,2017-11-20
1004886,8908748,20000,2017-10-05,2017-11-24
1004886,8908748,20000,2017-10-05,2017-11-28
1004886,8908672,15000,2017-10-05,2017-10-23
1004886,8908749,5200,2017-10-06,2017-10-09
1004886,8908749,20000,2017-10-06,2017-10-30
1004886,8908749,20000,2017-10-06,2017-11-03
1004558,8908023,22000,2017-10-06,2017-11-15
1004558,8907133,6000,2017-10-06,2017-11-28
1004886,8908672,8000,2017-10-06,2017-11-15
1004886,8908672,11400,2017-10-06,2017-11-20
1004553,8902635,21000,2017-10-09,2017-11-21
1004553,8902635,21000,2017-10-09,2017-11-24
1004558,8907133,3000,2017-10-10,2017-11-14
1004886,8908748,20000,2017-10-11,2017-12-04
1004886,8908748,20000,2017-10-11,2017-12-07
1004886,8908748,20000,2017-10-11,2017-12-11
1004886,8908748,20000,2017-10-11,2017-12-18
1004886,8908748,20000,2017-10-11,2017-12-22
1005256,8906381,5000,2017-10-11,2018-01-10
1004558,8908112,22000,2017-11-04,2018-01-03
1004558,8908112,22000,2017-11-18,2018-01-30
1005446,8908023,22000,2017-12-20,2018-02-13
1005446,8908023,22000,2017-12-20,2018-02-21
1005446,8908023,22000,2017-12-20,2018-03-13
1005446,8908023,22000,2017-12-20,2018-02-20
1005446,8908023,22000,2017-12-20,2018-02-27
1005446,8908023,22000,2017-12-20,2018-03-06
1005435,8908023,21000,2017-12-20,2018-01-19
1005435,8908023,21000,2017-12-20,2018-01-26
1005432,8902635,21000,2018-01-22,2018-03-06
1005432,8902635,21000,2018-01-22,2018-03-06
1005432,8902635,21000,2018-01-22,2018-03-13
1005447,8907133,6900,2018-05-18,2018-07-17
1005447,8907133,4500,2018-05-18,2018-06-22
1005432,8902635,21000,2018-05-21,2018-07-10
1005584,8908023,20000,2018-05-21,2018-07-03
1005444,8902635,11200,2018-05-25,2018-07-30
1005444,8902635,11200,2018-05-25,2018-07-30
1005444,8902635,11200,2018-05-25,2018-08-06
1005444,8902635,11200,2018-05-25,2018-08-13
1005444,8902635,11200,2018-05-25,2018-08-20
1005444,8902635,11200,2018-05-25,2018-08-27
1004548,8908023,11700,2018-05-25,2018-07-04
1004548,8908023,22000,2018-05-25,2018-07-11
1005499,8907133,9000,2018-05-25,2018-07-04
1005507,8902635,21000,2018-05-28,2018-06-20
1005507,8902635,21000,2018-05-28,2018-06-27
1005507,8902635,21000,2018-05-28,2018-07-04
1005507,8902635,21000,2018-05-28,2018-07-11
1005507,8902635,21000,2018-05-28,2018-07-18
1005465,8908023,11000,2018-05-28,2018-06-20
1005432,8902635,21000,2018-05-30,2018-07-17
1005435,8908023,21000,2018-03-01,2018-03-26
1005435,8908023,21000,2018-03-01,2018-04-02
1005435,8908023,21000,2018-03-01,2018-03-19
1005444,8902635,11200,2018-04-05,2018-05-28
1005444,8902635,11200,2018-04-05,2018-05-28
1005444,8902635,11200,2018-04-05,2018-05-28
1005444,8902635,11200,2018-04-05,2018-06-11
1005444,8902635,11200,2018-04-05,2018-06-04
1005444,8902635,11200,2018-04-05,2018-06-04
1005444,8902635,11200,2018-04-05,2018-06-18
1005432,8902635,21000,2018-04-16,2018-06-08
1004548,8908023,15000,2018-04-24,2018-05-29
1004548,8908023,22000,2018-04-24,2018-06-20
1005499,8907133,6000,2018-04-24,2018-05-29
1005436,8908672,20000,2018-03-02,2018-04-27
1005436,8908672,20000,2018-03-02,2018-06-10
1005531,8902398,2700,2018-05-02,2018-06-26
1005432,8902635,21000,2018-05-14,2018-06-26
1005430,8908749,20000,2018-05-14,2018-06-06
1005430,8908749,20000,2018-05-14,2018-06-11
1005430,8908749,20000,2018-05-14,2018-06-15
1005430,8908749,20000,2018-05-14,2018-06-18
1005446,8908023,20000,2018-05-18,2018-07-31
1005446,8908023,20000,2018-05-18,2018-08-14
1005446,8908023,20000,2018-05-18,2018-08-21
1005446,8908023,20000,2018-05-18,2018-08-22
1005531,8902398,4000,2018-05-18,2018-07-17
1005435,8908023,21000,2018-05-31,2018-07-09
1005435,8908023,21000,2018-05-31,2018-07-16
1005435,8908023,21000,2018-05-31,2018-07-23
1005435,8908023,21000,2018-05-31,2018-07-30
1005432,8902635,21000,2018-06-04,2018-07-04
1005432,8902635,21000,2018-06-04,2018-07-24
1005432,8902635,21000,2018-06-04,2018-07-24
1005584,8908023,20000,2018-06-04,2018-07-17
1005446,8908023,20000,2018-06-06,2018-08-21
1005606,8908111,11000,2018-06-06,2018-07-11
1005543,8906381,3400,2018-06-07,2018-08-18
1005516,8905735,920,2018-06-07,2018-10-18
1005446,8908023,22000,2018-02-26,2018-04-04
1005429,8908748,20000,2018-03-01,2018-04-02
1005429,8908748,20000,2018-03-01,2018-04-12
1005429,8908748,20000,2018-03-01,2018-04-16
1005429,8908748,20000,2018-03-01,2018-04-05
1005429,8908748,20000,2018-03-01,2018-04-26
1005429,8908748,20000,2018-03-01,2018-04-19
1005429,8908748,20000,2018-03-01,2018-04-23
1005431,8908023,20000,2018-03-01,2018-04-04
1005431,8908023,20000,2018-03-01,2018-04-25
1005444,8902635,11200,2018-03-12,2018-04-30
1005444,8902635,11200,2018-03-12,2018-05-07
1005444,8902635,11200,2018-03-12,2018-05-14
1005444,8902635,11200,2018-03-12,2018-05-21
1005488,8908023,21000,2018-03-31,2018-05-15
1005462,8902398,2800,2018-04-05,2018-05-28
1005462,8902398,1400,2018-04-05,2018-06-04
1005462,8902398,1400,2018-04-05,2018-06-11
1005462,8902398,1400,2018-04-05,2018-06-18
1005488,8908023,21000,2018-02-23,2018-04-04
1005531,8902398,1400,2018-02-28,2018-03-21
1005531,8902398,1400,2018-02-28,2018-03-30
1005507,8902635,21000,2018-03-07,2018-04-11
1005499,8908880,1000,2018-03-08,2018-05-04
1005507,8902635,21000,2018-03-31,2018-05-09
1005507,8902635,21000,2018-03-31,2018-05-16
1005507,8902635,21000,2018-03-31,2018-05-23
1005447,8907133,6000,2018-01-18,2018-03-14
1005499,8908880,8000,2018-01-24,2018-04-22
1005507,8902635,21000,2018-01-30,2018-03-20
1005465,8908023,21000,2018-01-30,2018-03-22
1005432,8902635,21000,2018-01-31,2018-03-20
1005446,8908023,22000,2018-01-31,2018-04-10
1005446,8908023,22000,2018-01-31,2018-04-17
1005446,8908023,22000,2018-01-31,2018-05-01
1005446,8908023,22000,2018-01-31,2018-04-18
1005446,8908023,22000,2018-01-31,2018-04-24
1005431,8908023,20000,2018-01-31,2018-03-09
1005429,8908748,20000,2018-01-31,2018-03-05
1005429,8908748,20000,2018-01-31,2018-03-09
1005429,8908748,20000,2018-01-31,2018-03-14
1005429,8908748,20000,2018-01-31,2018-03-16
1005429,8908748,20000,2018-01-31,2018-03-22
1005506,8907133,7500,2018-01-31,2018-03-12
1005486,8601986,956,2018-02-01,2018-05-05
1004548,8908023,21000,2017-10-19,2017-11-02
1004548,8908023,21000,2017-10-19,2017-11-14
1004548,8908023,21000,2017-10-19,2017-11-21
1005256,8906381,5000,2017-11-13,2018-02-15
1004886,8908748,20000,2017-11-17,2017-12-15
1004602,8902398,5600,2017-11-17,2018-01-08
1004602,8902398,4750,2017-11-17,2018-02-05
1005434,8908023,20000,2017-11-27,2017-12-19
1005432,8902635,21000,2017-12-20,2018-01-30
1005432,8902635,21000,2017-12-20,2018-01-30
1005432,8902635,21000,2017-12-20,2018-02-05
1005462,8902398,2100,2017-12-20,2018-03-12
1005462,8902398,1400,2017-12-20,2018-03-19
1005452,8908112,12000,2018-01-09,2018-02-26
1005486,8601986,956,2018-01-23,2018-03-06
1005516,8905735,1380,2018-02-07,2018-04-24
1005521,8908024,14000,2018-02-08,2018-03-14
1005432,8902635,21000,2018-02-08,2018-03-06
1005432,8902635,21000,2018-02-08,2018-03-27
1005444,8902635,11200,2018-02-09,2018-04-09
1005444,8902635,11200,2018-02-09,2018-04-16
1005444,8902635,11200,2018-02-09,2018-04-23
1005543,8906381,5000,2018-03-01,2018-05-20
1005431,8908023,20000,2018-04-10,2018-05-04
1005431,8908023,20000,2018-04-10,2018-05-16
1005431,8908023,20000,2018-04-10,2018-05-31
1005430,8908749,20000,2018-04-10,2018-05-07
1005430,8908749,20000,2018-04-10,2018-05-10
1005430,8908749,20000,2018-04-10,2018-05-18
1005430,8908749,20000,2018-04-10,2018-05-30
1005447,8907133,1500,2018-04-24,2018-05-26
1005585,8908111,9000,2018-05-08,2018-06-19
1005586,8908114,10000,2018-05-14,2018-06-05
1005444,8902635,11200,2018-06-20,2018-09-10
1005444,8902635,11200,2018-06-20,2018-09-17
1005446,8908023,20000,2018-07-02,2018-08-22
1005446,8908023,20000,2018-07-02,2018-08-28
1005446,8908023,20000,2018-07-02,2018-09-04
1005446,8908023,20000,2018-07-02,2018-09-05
1005446,8908023,20000,2018-07-02,2018-09-11
1005446,8908023,20000,2018-07-02,2018-09-18
1005446,8908023,20000,2018-07-02,2018-09-25
1005488,8908023,21000,2018-08-16,2018-09-25
1005488,8908023,21000,2018-08-16,2018-10-02
1005448,8908112,20000,2018-08-16,2018-09-18
1005448,8908112,20000,2018-08-16,2018-09-25
1005623,8908114,20000,2018-08-16,2018-09-04
1005623,8908114,20000,2018-08-16,2018-09-18
1005465,8908023,11000,2018-08-27,2018-10-17
1005462,8902398,2800,2018-08-29,2018-10-22
1005462,8902398,1400,2018-08-29,2018-10-29
1005462,8902398,1400,2018-08-29,2018-11-12
1005462,8902398,1400,2018-08-29,2018-11-19
1005586,8908114,21000,2018-09-03,2018-10-08
1005586,8908114,21000,2018-09-03,2018-10-15
1005586,8908114,21000,2018-09-03,2018-10-22
1005431,8908023,20000,2018-09-05,2018-10-01
1005431,8908023,20000,2018-09-05,2018-10-16
1005431,8908023,20000,2018-09-05,2018-10-31
1005447,8907133,3200,2018-09-12,2018-11-06
1006022,8902398,4000,2020-05-27,2020-07-07
1005431,8908023,20000,2018-06-19,2018-07-31
1005543,8906381,1670,2018-06-29,2018-08-15
1005543,8906381,5000,2018-07-02,2018-10-01
1005429,8908748,20000,2018-07-11,2018-08-14
1005429,8908748,20000,2018-07-11,2018-08-17
1005429,8908748,20000,2018-07-11,2018-08-23
1005429,8908748,20000,2018-07-11,2018-08-31
1005429,8908748,20000,2018-07-11,2018-08-10
1005431,8908023,20000,2018-07-11,2018-08-24
1005430,8908749,20000,2018-07-11,2018-08-09
1005430,8908749,20000,2018-07-11,2018-08-16
1005430,8908749,20000,2018-07-11,2018-08-21
1005430,8908749,20000,2018-07-11,2018-08-31
1005436,8908672,20000,2018-07-11,2018-08-31
1005452,8908112,16000,2018-07-13,2018-07-24
1004548,8908023,21000,2018-07-20,2018-08-27
1004548,8908023,21000,2018-07-20,2018-09-10
1005448,8908112,20000,2018-07-20,2018-09-11
1005531,8902398,4000,2018-07-20,2018-10-02
1005507,8902635,21000,2018-07-20,2018-08-20
1005465,8908023,11000,2018-07-20,2018-08-31
1005435,8908023,21000,2018-08-07,2018-09-04
1005435,8908023,21000,2018-08-07,2018-09-11
1005435,8908023,21000,2018-08-07,2018-09-17
1005435,8908023,21000,2018-08-07,2018-09-17
1005435,8908023,21000,2018-08-07,2018-09-24
1005435,8908023,21000,2018-08-07,2018-09-24
1005446,8908023,20000,2018-09-03,2018-10-03
1005446,8908023,16000,2018-09-03,2018-10-09
1005446,8908023,20000,2018-09-03,2018-10-16
1005446,8908023,20000,2018-09-03,2018-10-23
1005446,8908023,20000,2018-09-03,2018-10-30
1005446,8908023,20000,2018-09-03,2018-10-31
1005586,8908114,20000,2018-09-10,2018-10-03
1005586,8908114,20000,2018-09-10,2018-10-08
1005586,8908114,20000,2018-09-10,2018-10-25
1005586,8908114,20000,2018-09-10,2018-10-30
1005435,8908023,21000,2018-09-10,2018-10-29
1005435,8908023,21000,2018-09-10,2018-10-29
1005446,8908023,20000,2018-09-24,2018-11-20
1006022,8902398,4000.01,2020-05-20,2020-06-16
1006067,8908023,5500,2020-06-16,2020-06-24
1006022,8902398,6000.01,2020-06-30,2020-08-18
1006067,8908023,21000,2020-07-13,2020-07-27
1006067,8908023,21000,2020-07-13,2020-08-12
1006067,8908023,21000,2020-07-13,2020-08-19
1006067,8908023,21000,2020-07-13,2020-08-24
1005584,8908023,20000,2018-06-19,2018-08-07
1005446,8908023,20000,2018-07-02,2018-07-10
1005446,8908023,20000,2018-07-02,2018-07-25
1005435,8908023,21000,2018-07-13,2018-08-15
1005435,8908023,21000,2018-07-13,2018-08-22
1005435,8908023,21000,2018-07-13,2018-08-27
1005435,8908023,21000,2018-07-13,2018-09-03
1005435,8908023,21000,2018-07-13,2018-09-10
1005452,8908112,20000,2018-07-16,2018-08-08
1005452,8908112,20000,2018-07-16,2018-08-15
1005452,8908112,20000,2018-07-16,2018-08-22
1005452,8908112,20000,2018-07-16,2018-09-03
1005452,8908112,20000,2018-07-16,2018-09-06
1005444,8902635,11200,2018-07-20,2018-10-08
1005444,8902635,11200,2018-07-20,2018-10-15
1005444,8902635,11200,2018-07-20,2018-10-22
1005462,8902398,2800,2018-07-20,2018-09-24
1005462,8902398,1400,2018-07-20,2018-10-08
1005462,8902398,1400,2018-07-20,2018-10-22
1005516,8905735,1880,2018-08-01,2018-10-15
1005623,8908114,20000,2018-08-03,2018-08-20
1005516,8905735,1880,2018-08-07,2018-11-10
1005429,8908748,20000,2018-08-13,2018-09-07
1005429,8908748,20000,2018-08-13,2018-09-12
1005429,8908748,20000,2018-08-13,2018-09-17
1005429,8908748,20000,2018-08-13,2018-09-21
1005429,8908748,20000,2018-08-13,2018-09-26
1005584,8908023,20000,2018-09-03,2018-10-16
1005435,8908023,21000,2018-06-25,2018-07-30
1005435,8908023,21000,2018-06-25,2018-08-01
1005435,8908023,21000,2018-06-25,2018-08-07
1005435,8908023,21000,2018-06-25,2018-08-14
1005435,8908023,21000,2018-06-25,2018-08-21
1005446,8908023,20000,2018-06-26,2018-07-24
1005584,8908023,20000,2018-06-27,2018-07-31
1005584,8908023,20000,2018-06-27,2018-07-15
1005507,8902635,21000,2018-04-18,2018-05-29
1005507,8902635,21000,2018-04-18,2018-06-05
1005444,8902635,11200,2018-05-02,2018-07-02
1005444,8902635,11200,2018-05-02,2018-07-09
1005444,8902635,11200,2018-05-02,2018-07-16
1005462,8902398,1400,2018-05-02,2018-07-02
1005462,8902398,1400,2018-05-02,2018-07-09
1005462,8902398,1400,2018-05-02,2018-07-16
1005462,8902398,9800,2018-05-02,2018-06-25
1005432,8902635,21000,2018-02-28,2018-04-19
1005432,8902635,21000,2018-02-28,2018-04-28
1005432,8902635,21000,2018-02-28,2018-04-26
1005446,8908023,22000,2018-03-26,2018-05-23
1005446,8908023,22000,2018-03-26,2018-05-29
1005446,8908023,22000,2018-03-26,2018-06-12
1005446,8908023,22000,2018-03-26,2018-06-19
1005446,8908023,22000,2018-03-26,2018-06-26
1005446,8908023,22000,2018-03-26,2018-06-27
1005446,8908023,22000,2018-03-26,2018-06-05
1005446,8908023,22000,2018-03-26,2018-05-15
1005446,8908023,22000,2018-04-24,2018-07-03
1005446,8908023,22000,2018-04-24,2018-07-10
1005586,8908114,20600,2018-05-08,2018-05-22
1005586,8908114,20000,2018-05-08,2018-06-05
1005584,8908023,20000,2018-05-08,2018-05-30
1005584,8908023,20000,2018-05-08,2018-06-07
1005584,8908023,20000,2018-05-08,2018-06-13
1005584,8908023,20000,2018-05-08,2018-06-19
1005584,8908023,20000,2018-05-08,2018-06-26
1005584,8908023,20000,2018-05-08,2018-05-24
1005446,8908023,20000,2018-05-08,2018-07-24
1005446,8908023,20000,2018-05-08,2018-07-25
1005446,8908023,20000,2018-05-08,2018-07-10
1005465,8908023,11000,2018-05-08,2018-05-24
1005488,8908023,21000,2018-05-10,2018-06-13
1005488,8908023,21000,2018-05-10,2018-06-27
1005429,8908748,20000,2018-05-14,2018-06-04
1005429,8908748,20000,2018-05-14,2018-06-06
1005429,8908748,20000,2018-05-14,2018-06-11
1005429,8908748,20000,2018-05-14,2018-06-15
1005429,8908748,20000,2018-05-14,2018-06-18
1005429,8908748,20000,2018-05-14,2018-06-22
1005429,8908748,20000,2018-05-14,2018-06-26
1005429,8908748,20000,2018-05-14,2018-06-29
1005429,8908748,20000,2018-05-14,2018-07-17
1005429,8908748,20000,2018-05-14,2018-07-31
1005429,8908748,20000,2018-05-14,2018-07-02
1005429,8908748,20000,2018-05-14,2018-07-05
1005429,8908748,20000,2018-05-14,2018-07-10
1005429,8908748,20000,2018-05-14,2018-07-20
1005429,8908748,20000,2018-05-14,2018-07-24
1005429,8908748,20000,2018-05-14,2018-07-27
1005431,8908023,20000,2018-05-14,2018-06-22
1005431,8908023,20000,2018-05-14,2018-07-09
1005431,8908023,20000,2018-05-14,2018-07-24
1005531,8902398,1400,2018-05-14,2018-05-23
1005430,8908749,20000,2018-05-14,2018-07-11
1005430,8908749,20000,2018-05-14,2018-07-15
1005430,8908749,20000,2018-05-14,2018-07-18
1005430,8908749,20000,2018-05-14,2018-07-24
1005488,8908023,21000,2018-02-26,2018-04-04
1005430,8908749,20000,2018-03-01,2018-04-13
1005430,8908749,20000,2018-03-01,2018-04-25
1005429,8908672,20000,2018-03-01,2018-06-10
1005516,8905735,1840,2018-03-01,2018-06-10
1005432,8902635,21000,2018-03-23,2018-05-17
1005432,8902635,21000,2018-04-06,2018-05-23
1005432,8902635,21000,2018-04-06,2018-05-30
1005488,8908023,21000,2018-04-06,2018-05-28
1005429,8908748,20000,2018-04-10,2018-05-04
1005429,8908748,20000,2018-04-10,2018-05-07
1005429,8908748,20000,2018-04-10,2018-05-11
1005429,8908748,20000,2018-04-10,2018-05-14
1005429,8908748,20000,2018-04-10,2018-05-17
1005429,8908748,20000,2018-04-10,2018-05-21
1005429,8908748,20000,2018-04-10,2018-05-24
1005429,8908748,20000,2018-04-10,2018-05-28
1005429,8908748,20000,2018-04-10,2018-05-31
1005432,8902635,21000,2018-04-20,2018-06-14
1006020,8908023,20000,2020-05-29,2020-07-01
1005622,8908114,22000,2018-07-30,2018-08-21
1005622,8908114,22000,2018-07-30,2018-08-27
1005622,8908114,22000,2018-07-30,2018-09-04
1005622,8908114,22000,2018-07-30,2018-09-11
1005622,8908114,22000,2018-07-30,2018-09-18
1005435,8908023,21000,2018-07-30,2018-08-15
1005488,8908023,21000,2018-08-03,2018-09-04
1005488,8908023,21000,2018-08-03,2018-09-11
1005488,8908023,21000,2018-08-03,2018-09-18
1005488,8908023,21000,2018-08-03,2018-09-25
1004548,8908023,21000,2018-08-17,2018-09-21
1005429,8908748,20000,2018-09-06,2018-09-28
1005429,8908748,20000,2018-09-06,2018-10-01
1005429,8908748,20000,2018-09-06,2018-10-05
1005429,8908748,20000,2018-09-06,2018-10-09
1005429,8908748,20000,2018-09-06,2018-10-12
1005429,8908748,20000,2018-09-06,2018-10-17
1005429,8908748,20000,2018-09-06,2018-10-19
1005429,8908748,20000,2018-09-06,2018-10-25
1005429,8908748,20000,2018-09-06,2018-10-29
1005429,8908748,20000,2018-09-06,2018-11-02
1005444,8902635,11200,2018-09-20,2018-11-26
1005444,8902635,11200,2018-09-20,2018-11-26
1005444,8902635,11200,2018-09-20,2018-12-03
1005444,8902635,11200,2018-09-20,2018-12-10
1005444,8902635,11200,2018-09-20,2018-12-17
1005462,8902398,1400,2018-09-20,2018-12-17
1005462,8902398,1400,2018-09-20,2018-12-10
1005431,8908023,20000,2018-09-25,2018-10-08
1005431,8908023,20000,2018-09-25,2018-11-21
1005431,8908023,20000,2018-10-05,2018-11-14
1005429,8908748,20000,2018-10-05,2018-11-13
1005431,8908023,20000,2018-10-09,2018-12-06
1005431,8908023,20000,2018-10-09,2018-12-20
1005531,8902398,4100,2018-10-15,2018-12-04
1005622,8908114,12000,2018-10-15,2018-10-29
1005432,8902635,21000,2018-07-30,2018-09-14
1005432,8902635,21000,2018-07-30,2018-09-14
1005516,8905735,940,2018-08-01,2018-08-17
1005444,8902635,11200,2018-08-29,2018-11-12
1005444,8902635,11200,2018-08-29,2018-11-19
1005623,8908114,20000,2018-09-12,2018-10-23
1005622,8908114,20000,2018-09-14,2018-10-22
1004548,8908023,15000,2018-10-01,2018-11-12
1004548,8908023,22000,2018-10-01,2018-11-19
1005499,8907133,6000,2018-10-05,2018-11-12
1005429,8908748,20000,2018-10-08,2018-12-19
1005429,8908748,20000,2018-10-08,2018-12-17
1005429,8908748,20000,2018-10-08,2018-12-13
1005429,8908748,20000,2018-10-08,2018-12-07
1005429,8908748,20000,2018-10-08,2018-12-10
1005435,8908023,21000,2018-10-09,2018-11-26
1005486,8902398,6875,2018-10-09,2018-12-25
1005462,8902398,4200,2018-10-10,2018-12-10
1005462,8902398,5600,2018-10-10,2018-12-17
1005435,8908023,21000,2018-10-10,2018-10-30
1005446,8908023,20000,2018-10-15,2018-11-27
1005446,8908023,20000,2018-10-15,2018-12-04
1005622,8908114,10000,2018-10-15,2018-11-19
1004548,8908023,20000,2018-06-25,2018-09-04
1005499,8902398,1350,2018-06-25,2018-09-04
1005448,8908112,20000,2018-07-18,2018-08-03
1005448,8908112,20000,2018-07-18,2018-08-10
1005448,8908112,20000,2018-07-18,2018-08-27
1005495,8908112,20000,2018-07-18,2018-08-03
1005495,8908112,20000,2018-07-18,2018-08-17
1005452,8908112,20000,2018-07-18,2018-09-03
1005586,8908114,21000,2018-07-18,2018-08-15
1005586,8908114,21000,2018-07-18,2018-09-17
1005586,8908114,21000,2018-07-18,2018-10-15
1005586,8908114,21000,2018-07-18,2018-11-15
1005586,8908114,21000,2018-07-18,2018-12-17
1005488,8908023,21000,2019-02-01,2019-03-11
1005495,8908112,10000,2018-09-21,2018-10-17
1005435,8908023,21000,2018-10-19,2018-12-03
1005444,8902635,11200,2018-10-22,2019-01-14
1005444,8902635,11200,2018-10-22,2018-12-24
1005444,8902635,11200,2018-10-22,2018-12-31
1005444,8902635,11200,2018-10-22,2019-01-07
1005462,8902398,7475,2018-10-22,2018-12-24
1005448,8908112,20000,2018-11-19,2018-12-11
1005429,8908748,20000,2018-11-21,2018-12-19
1005429,8908748,20000,2018-11-21,2018-12-21
1005429,8908748,20000,2018-11-21,2018-12-24
1005448,8908112,20000,2018-11-23,2018-12-27
1005465,8908023,11000,2018-12-04,2019-01-10
1005495,8908112,5000,2018-12-04,2019-01-10
1005446,8908023,20000,2018-12-10,2019-01-16
1005446,8908023,20000,2018-12-10,2019-01-22
1005446,8908023,20000,2018-12-10,2019-01-23
1005446,8908023,20000,2018-12-10,2019-01-29
1005446,8908023,20000,2018-12-10,2019-02-05
1005448,8908112,20000,2018-12-10,2019-01-23
1005584,8908023,22000,2018-12-17,2019-01-23
1005448,8908112,20000,2018-12-17,2019-02-05
1005448,8908112,20000,2018-12-17,2019-01-14
1005488,8908023,21000,2019-01-13,2019-02-22
1005436,8908672,20000,2018-09-07,2018-10-31
1005446,8908023,20000,2018-09-12,2018-11-06
1005516,8905735,1880,2018-09-12,2018-12-15
1005429,8908748,20000,2018-09-25,2018-11-27
1005429,8908748,20000,2018-09-25,2018-12-02
1005429,8908748,20000,2018-09-25,2018-11-07
1005429,8908748,20000,2018-09-25,2018-11-09
1005429,8908748,20000,2018-09-25,2018-11-15
1005429,8908748,20000,2018-09-25,2018-11-19
1005429,8908748,20000,2018-09-25,2018-11-23
1005435,8908023,21000,2018-09-25,2018-11-05
1005435,8908023,21000,2018-09-25,2018-11-09
1005435,8908023,21000,2018-09-25,2018-11-12
1005435,8908023,21000,2018-09-25,2018-11-16
1005435,8908023,21000,2018-09-25,2018-11-19
1005435,8908023,21000,2018-09-25,2018-11-23
1004548,8908023,21000,2018-09-26,2018-10-10
1004548,8908023,21000,2018-09-26,2018-10-17
1004548,8908023,21000,2018-09-26,2018-10-24
1004548,8908023,21000,2018-09-26,2018-10-30
1005432,8902635,21000,2018-10-01,2018-11-13
1005623,8908114,8300,2018-10-01,2018-10-30
1005432,8902635,21000,2018-06-13,2018-07-04
1005432,8902635,21000,2018-06-13,2018-07-31
1005432,8902635,21000,2018-06-13,2018-07-31
1005584,8908023,20000,2018-06-13,2018-07-25
1005436,8908672,20000,2018-06-19,2018-07-31
1005586,8908114,21000,2018-08-08,2018-09-24
1005586,8908114,21000,2018-08-08,2018-10-01
1005584,8908023,20000,2018-08-08,2018-09-04
1005584,8908023,20000,2018-08-08,2018-09-27
1005584,8908023,20000,2018-08-08,2018-10-03
1005507,8902635,17000,2018-08-10,2018-09-06
1005430,8908749,20000,2018-08-13,2018-09-04
1005430,8908749,20000,2018-08-13,2018-09-07
1005430,8908749,20000,2018-08-13,2018-09-10
1005430,8908749,20000,2018-08-13,2018-09-12
1005430,8908749,20000,2018-08-13,2018-09-14
1005430,8908749,20000,2018-08-13,2018-09-18
1005430,8908749,20000,2018-08-13,2018-09-25
1005430,8908749,20000,2018-08-13,2018-09-28
1005430,8908749,20000,2018-08-13,2018-10-01
1005430,8908749,20000,2018-08-13,2018-09-21
1005431,8908023,20000,2018-08-13,2018-09-03
1005431,8908023,20000,2018-08-13,2018-09-17
1005436,8908672,20000,2018-08-13,2018-09-28
1005448,8908112,20000,2018-08-14,2018-09-04
1005622,8908114,22000,2018-08-27,2018-10-02
1005623,8908114,20000,2018-09-03,2018-10-09
1005435,8908023,21000,2018-09-03,2018-10-03
1005435,8908023,21000,2018-09-03,2018-10-10
1005435,8908023,21000,2018-09-03,2018-10-10
1005435,8908023,21000,2018-09-03,2018-10-15
1005435,8908023,21000,2018-09-03,2018-10-15
1005435,8908023,21000,2018-09-03,2018-10-22
1005435,8908023,21000,2018-09-03,2018-10-22
1005446,8908023,13000,2018-10-09,2018-11-14
1005586,8908114,21000,2018-10-16,2018-11-09
1005586,8908114,21000,2018-10-16,2018-12-04
1005486,8902398,1460,2018-06-27,2018-07-16
1005507,8902635,21000,2018-06-29,2018-08-13
1005584,8908023,21000,2019-01-28,2019-03-19
1005446,8908023,20000,2018-10-22,2018-12-05
1005446,8908023,20000,2018-10-22,2018-12-11
1005446,8908023,20000,2018-10-22,2018-12-18
1005446,8908023,7000,2018-11-02,2018-11-14
1005516,8905735,1450,2018-11-20,2019-02-01
1005431,8908023,20000,2018-12-11,2019-02-15
1005436,8908672,20000,2018-12-11,2019-02-15
1005446,8908023,20000,2018-12-17,2019-02-13
1005446,8908023,20000,2018-12-17,2019-01-31
1005446,8908023,20000,2018-12-17,2019-02-12
1005531,8902398,4100,2019-01-04,2019-04-09
1005531,8902398,4100,2019-01-04,2019-03-05
1005447,8907133,4500,2019-01-04,2019-03-12
1005495,8908112,14000,2019-01-09,2019-01-29
1005462,8902398,6650,2019-01-13,2019-03-25
1005465,8908023,22000,2019-01-21,2019-02-01
1005684,8908023,22000,2019-01-21,2019-02-27
1005436,8908672,20000,2018-11-21,2018-12-20
1004548,8908023,17000,2018-11-21,2019-01-08
1005684,8908023,22000,2018-12-14,2019-01-28
1005684,8908023,22000,2018-12-14,2019-01-14
1005684,8908023,22000,2018-12-14,2019-01-21
1005488,8908023,21000,2018-12-21,2019-01-30
1005446,8908023,20000,2019-01-04,2019-02-14
1005446,8908023,20000,2019-01-04,2019-02-19
1005446,8908023,20000,2019-01-04,2019-02-26
1005446,8908023,20000,2019-01-04,2019-02-27
1005446,8908023,20000,2019-01-04,2019-03-05
1005446,8908023,20000,2019-01-04,2019-03-12
1005446,8908023,20000,2019-01-04,2019-03-13
1005446,8908023,20000,2019-01-04,2019-03-19
1005446,8908023,20000,2019-01-04,2019-03-27
1005446,8908023,20000,2019-01-04,2019-03-26
1005507,8902635,21000,2019-01-13,2019-02-25
1005447,8907133,4500,2019-01-13,2019-04-09
1005448,8908112,20000,2019-01-13,2019-03-06
1005448,8908112,20000,2019-01-13,2019-04-02
1005465,8908023,22000,2019-01-14,2019-01-24
1005465,8908023,22000,2019-01-14,2019-01-25
1005465,8908023,22000,2019-01-14,2019-01-25
1005495,8908112,14000,2019-01-16,2019-03-10
1005452,8908112,5100,2019-01-24,2019-01-29
1005452,8908112,5100,2019-01-29,2019-03-05
1005507,8902635,21000,2018-10-26,2018-11-19
1005507,8902635,21000,2018-10-26,2018-12-06
1005495,8908112,5000,2018-10-26,2018-12-06
1005444,8902635,11200,2018-11-20,2019-02-18
1005435,8908023,21000,2018-11-23,2019-01-15
1005435,8908023,21000,2018-11-23,2019-01-08
1005435,8908023,21000,2018-11-23,2019-01-10
1005435,8908023,21000,2018-11-23,2019-01-17
1005429,8908748,20000,2018-12-11,2019-02-04
1005429,8908748,20000,2018-12-11,2019-02-08
1005429,8908748,20000,2018-12-11,2019-02-11
1005429,8908748,20000,2018-12-11,2019-02-14
1005429,8908748,20000,2018-12-11,2019-02-18
1005429,8908748,20000,2018-12-11,2019-02-20
1005429,8908748,20000,2018-12-11,2019-02-22
1005429,8908748,20000,2018-12-11,2019-02-26
1005429,8908748,20000,2018-12-11,2019-01-04
1005516,8905735,1880,2018-12-21,2019-03-25
1005488,8908023,21000,2019-01-03,2019-02-15
1005507,8902635,21000,2019-01-09,2019-02-11
1005507,8902635,21000,2019-01-09,2019-02-15
1005507,8902635,21000,2019-01-09,2019-02-22
1005584,8908023,22000,2019-01-09,2019-02-01
1005584,8908023,22000,2019-01-09,2019-02-08
1005584,8908023,22000,2019-01-09,2019-02-19
1005584,8908023,22000,2019-01-09,2019-02-11
1005452,8908112,10200,2019-01-09,2019-01-29
1005516,8905735,1880,2019-01-21,2019-04-10
1005586,8908114,20000,2018-11-11,2018-12-20
1005429,8908748,20000,2018-11-21,2019-01-08
1005429,8908748,20000,2018-11-21,2019-01-11
1005429,8908748,20000,2018-11-21,2019-01-14
1005429,8908748,12000,2018-11-21,2019-01-17
1005429,8908748,22000,2018-11-21,2019-01-22
1005429,8908748,22000,2018-11-21,2019-01-24
1005429,8908748,22000,2018-11-21,2019-01-29
1005429,8908748,22000,2018-11-21,2019-01-31
1005431,8908023,20000,2018-11-21,2019-01-14
1005446,8908023,20000,2018-11-23,2019-01-15
1005531,8902398,4100,2018-11-23,2019-01-14
1005507,8902635,21000,2018-12-04,2019-01-03
1005507,8902635,21000,2018-12-04,2019-01-08
1005507,8902635,21000,2018-12-04,2019-01-17
1005507,8902635,21000,2018-12-04,2019-01-24
1005452,8908112,10200,2019-01-13,2019-02-20
1005584,8908023,22000,2019-01-13,2019-03-01
1005465,8908023,22000,2019-01-14,2019-02-08
1005465,8908023,22000,2019-01-14,2019-02-15
1005465,8908023,22000,2019-01-14,2019-02-18
1005446,8908023,7000,2019-01-18,2019-01-29
1005684,8908023,22000,2019-01-21,2019-02-13
1005684,8908023,22000,2019-01-21,2019-02-20
1005507,8902635,21000,2019-01-22,2019-03-11
1005430,8908749,21000,2019-01-22,2019-03-15
1005430,8908749,21000,2019-01-22,2019-03-18
1005430,8908749,21000,2019-01-22,2019-03-22
1005430,8908749,21000,2019-01-22,2019-03-25
1005430,8908749,21000,2019-01-22,2019-03-08
1005430,8908749,21000,2019-01-22,2019-03-04
1005430,8908749,21000,2019-01-22,2019-03-29
1005430,8908749,21000,2019-01-22,2019-03-13
1005431,8908023,20000,2019-01-22,2019-03-15
1005431,8908023,20000,2019-01-22,2019-03-22
1005486,8902398,4020,2019-01-28,2019-03-25
1005499,8902398,1200,2019-02-05,2019-03-13
1005444,8902635,11000,2019-02-07,2019-04-09
1005444,8902635,11000,2019-02-07,2019-04-09
1005444,8902635,11000,2019-02-07,2019-04-09
1005444,8902635,11000,2019-02-07,2019-04-09
1005507,8902635,21000,2019-02-11,2019-03-08
1005507,8902635,21000,2019-02-11,2019-03-13
1005507,8902635,21000,2019-02-11,2019-03-20
1005507,8902635,21000,2019-02-11,2019-03-27
1005488,8908023,21000,2019-02-11,2019-03-05
1005465,8908023,21000,2018-10-26,2018-11-26
1005623,8908114,12000,2018-11-02,2018-11-14
1005447,8907133,6000,2018-11-15,2018-11-23
1005430,8908749,21000,2018-11-21,2019-01-22
1005430,8908749,21000,2018-11-21,2019-01-15
1005430,8908749,21000,2018-11-21,2019-01-28
1005430,8908749,21000,2018-11-21,2019-01-08
1005430,8908749,21000,2018-11-21,2019-01-11
1005499,8907133,6000,2018-11-21,2019-01-08
1005584,8908023,22000,2018-12-03,2018-12-20
1005584,8908023,22000,2018-12-03,2018-12-18
1005507,8902635,21000,2018-12-03,2018-12-28
1005584,8908023,22000,2018-12-03,2018-12-28
1005584,8908023,22000,2018-12-03,2019-01-10
1005432,8902635,21000,2018-12-03,2018-12-18
1005432,8902635,21000,2018-12-03,2018-12-20
1005432,8902635,21000,2018-12-03,2018-12-25
1005430,8908749,21000,2018-12-11,2019-02-22
1005430,8908749,21000,2018-12-11,2019-02-28
1005430,8908749,21000,2018-12-11,2019-02-04
1005430,8908749,21000,2018-12-11,2019-02-08
1005430,8908749,21000,2018-12-11,2019-02-11
1005430,8908749,21000,2018-12-11,2019-02-14
1005430,8908749,21000,2018-12-11,2019-02-18
1005488,8908023,22000,2018-12-11,2019-01-11
1005488,8908023,22000,2018-12-11,2019-01-15
1005462,8902398,14500,2018-12-19,2019-02-18
1005462,8902398,11500,2018-10-26,2018-12-31
1005446,8908023,20000,2018-11-19,2018-12-19
1005446,8908023,20000,2018-11-19,2019-01-08
1005486,8902398,2680,2019-01-21,2019-04-16
1005429,8908748,20000,2019-01-22,2019-03-15
1005429,8908748,20000,2019-01-22,2019-03-11
1005429,8908748,20000,2019-01-22,2019-03-18
1005429,8908748,20000,2019-01-22,2019-03-22
1005429,8908748,20000,2019-01-22,2019-03-25
1005429,8908748,20000,2019-01-22,2019-03-29
1005429,8908748,20000,2019-01-22,2019-04-02
1005429,8908748,20000,2019-01-22,2019-03-08
1005684,8908023,22000,2019-01-23,2019-03-13
1005684,8908023,22000,2019-01-23,2019-03-27
1006019,8908749,20000,2020-05-07,2020-06-19
1005783,8908672,20000,2020-05-07,2020-06-15
1006023,8902398,11790,2020-06-20,2020-08-31
1006023,8902398,11790,2020-06-20,2020-09-14
1005447,8907133,4500,2019-04-11,2019-05-07
1005446,8908023,20000,2019-05-06,2019-06-06
1005446,8908023,9200,2019-05-06,2019-06-18
1005446,8908023,20000,2019-05-06,2019-06-25
1005543,8906381,1800,2019-06-13,2019-06-18
1005499,8907133,4500,2019-06-13,2019-06-25
1005432,8902635,21000,2019-02-17,2019-03-19
1005432,8902635,21000,2019-02-17,2019-03-26
1005432,8902635,21000,2019-02-17,2019-04-02
1005432,8902635,21000,2019-02-17,2019-04-09
1005432,8902635,21000,2019-02-17,2019-03-08
1005432,8902635,21000,2019-02-17,2019-03-12
1005452,8908112,11000,2019-02-19,2019-03-27
1005462,8902398,11000,2019-02-25,2019-04-06
1005452,8908112,5100,2019-02-26,2019-03-15
1005452,8908112,11000,2019-02-26,2019-04-02
1005462,8902398,8400,2019-02-26,2019-05-06
1005431,8908023,20000,2019-03-08,2019-04-19
1005429,8908748,20000,2019-03-08,2019-04-09
1005429,8908748,20000,2019-03-08,2019-04-16
1005429,8908748,20000,2019-03-08,2019-04-19
1005429,8908748,20000,2019-03-08,2019-04-24
1005429,8908748,20000,2019-03-08,2019-04-26
1005430,8908749,21000,2019-03-08,2019-04-08
1005430,8908749,21000,2019-03-08,2019-04-11
1005430,8908749,21000,2019-03-08,2019-04-17
1005430,8908749,21000,2019-03-08,2019-04-24
1005430,8908749,21000,2019-03-08,2019-04-29
1005448,8908112,20000,2019-08-05,2019-10-08
1005969,8908023,21500,2019-09-12,2019-10-07
1005781,8908023,20000,2019-09-12,2019-10-04
1005781,8908023,20000,2019-09-12,2019-10-18
1005782,8908748,20000,2019-09-12,2019-10-25
1005782,8908748,20000,2019-09-12,2019-10-04
1005782,8908748,20000,2019-09-12,2019-10-08
1005782,8908748,20000,2019-09-12,2019-10-11
1005782,8908748,20000,2019-09-12,2019-10-15
1005782,8908748,20000,2019-09-12,2019-10-18
1005782,8908748,20000,2019-09-12,2019-10-22
1005452,8908112,21000,2019-09-23,2019-10-21
1005781,8908023,20000,2019-10-08,2019-12-06
1005781,8908023,20000,2019-10-08,2019-11-14
1005495,8908112,14000,2020-01-10,2020-01-28
1005543,8906381,900,2020-03-02,2020-03-15
1005446,8908023,20000,2019-04-02,2019-06-04
1005446,8908023,20000,2019-04-02,2019-05-21
1005446,8908023,20000,2019-04-02,2019-05-28
1005507,8902635,21000,2019-04-25,2019-05-15
1005507,8902635,21000,2019-04-25,2019-05-22
1005507,8902635,21000,2019-04-25,2019-05-29
1005828,8908114,21000,2019-04-25,2019-06-04
1005446,8908023,20000,2019-03-05,2019-04-24
1005432,8902635,21000,2019-03-19,2019-04-23
1005784,8908749,21000,2019-03-20,2019-05-05
1005784,8908749,21000,2019-03-20,2019-05-12
1005784,8908749,21000,2019-03-20,2019-05-16
1005784,8908749,21000,2019-03-20,2019-05-19
1005784,8908749,21000,2019-03-20,2019-05-23
1005784,8908749,21000,2019-03-20,2019-05-26
1005784,8908749,21000,2019-03-20,2019-05-30
1005784,8908749,21000,2019-03-20,2019-05-02
1005784,8908749,21000,2019-03-20,2019-05-09
1005781,8908023,20000,2019-03-20,2019-05-02
1005781,8908023,20000,2019-03-20,2019-05-15
1005584,8908023,21000,2019-03-22,2019-04-19
1005444,8902635,11200,2019-04-18,2019-06-24
1005444,8902635,11200,2019-04-18,2019-07-01
1005444,8902635,11200,2019-04-18,2019-07-07
1005444,8902635,11200,2019-04-18,2019-07-15
1005444,8902635,11200,2019-04-18,2019-07-15
1005543,8906381,5000,2019-09-10,2019-11-01
1005488,8908023,21000,2019-09-23,2019-11-07
1005488,8908023,21000,2019-09-23,2019-11-08
1005488,8908023,21000,2019-09-23,2019-11-12
1005448,8908112,20000,2019-10-07,2019-11-12
1006021,8902635,21000,2019-12-02,2020-01-15
1006021,8902635,21000,2019-12-02,2020-01-21
1005952,8908023,1800,2019-08-26,2019-10-07
1006018,8908748,20000,2020-01-27,2020-02-28
1006018,8908748,20000,2020-01-27,2020-03-05
1006018,8908748,20000,2020-01-27,2020-02-21
1006018,8908748,10000,2020-01-27,2020-02-24
1005495,8908112,11000,2019-04-25,2019-06-06
1005828,8908114,5000,2019-05-16,2019-06-04
1005782,8908748,20000,2019-04-25,2019-05-31
1005783,8908672,19500,2019-05-22,2019-07-08
1005432,8902635,21000,2019-05-23,2019-06-18
1005684,8908023,21000,2019-05-23,2019-06-24
1005684,8908023,21000,2019-05-23,2019-06-26
1005684,8908023,21000,2019-05-23,2019-07-04
1005684,8908023,21000,2019-05-23,2019-07-11
1005684,8908023,21000,2019-05-23,2019-06-07
1005684,8908023,21000,2019-05-23,2019-06-19
1005446,8908023,20000,2019-06-09,2019-08-13
1005446,8908023,20000,2019-06-09,2019-07-17
1005446,8908023,20000,2019-06-09,2019-07-24
1005446,8908023,20000,2019-06-09,2019-07-30
1005781,8908023,20000,2019-07-18,2019-09-11
1005781,8908023,20000,2019-07-18,2019-09-20
1005781,8908023,20000,2020-02-18,2020-03-05
1005781,8908023,10000,2020-02-18,2020-03-17
1005781,8908023,20000,2020-02-18,2020-03-30
1005783,8908672,20000,2020-02-18,2020-03-04
1005784,8908749,20000,2019-11-06,2019-12-10
1005784,8908749,20000,2019-11-06,2019-12-13
1005784,8908749,20000,2019-11-06,2019-12-18
1005784,8908749,20000,2019-11-06,2019-12-23
1005784,8908749,20000,2019-11-06,2019-12-27
1006069,8902635,21000,2020-02-17,2020-03-30
1005448,8908112,20000,2019-06-09,2019-07-30
1005684,8908023,21000,2019-06-17,2019-07-22
1005684,8908023,21000,2019-06-17,2019-07-30
1005888,8908023,20000,2019-06-17,2019-08-20
1005888,8908023,20000,2019-06-17,2019-08-13
1005516,8905735,1840,2020-03-26,2020-06-01
1005432,8902635,21000,2019-07-08,2019-08-06
1005432,8902635,21000,2019-07-08,2019-08-16
1005432,8902635,21000,2019-07-08,2019-08-27
1005447,8907133,4500,2019-08-05,2019-10-08
1005448,8908112,20000,2020-02-12,2020-03-10
1006018,8908748,20000,2020-02-18,2020-03-06
1006018,8908748,10000,2020-02-18,2020-03-10
1006018,8908748,20000,2020-02-18,2020-03-13
1006018,8908748,20000,2020-02-18,2020-03-17
1006018,8908748,20000,2020-02-18,2020-03-06
1006018,8908748,20000,2020-02-18,2020-03-06
1006018,8908748,20000,2020-02-18,2020-03-20
1006018,8908748,20000,2020-02-18,2020-03-24
1006018,8908748,20000,2020-02-18,2020-03-27
1006018,8908748,20000,2020-02-18,2020-04-03
1005507,8902635,21000.01,2019-07-28,2019-09-12
1005507,8902635,21000,2019-07-28,2019-08-22
1005507,8902635,21000,2019-07-28,2019-08-29
1005507,8902635,21000.01,2019-07-28,2019-09-09
1005495,8908112,14000,2019-07-28,2019-08-21
1006069,8902635,21000,2020-02-10,2020-03-09
1006021,8902635,21000,2020-02-12,2020-03-10
1006021,8902635,21000,2020-02-12,2020-03-17
1006021,8902635,21000,2020-02-12,2020-03-29
1006021,8902635,21000,2020-02-12,2020-03-03
1006021,8902635,21000,2020-02-12,2020-03-03
1006020,8908023,20000,2020-02-13,2020-03-04
1006020,8908023,11000,2020-02-13,2020-03-25
1006050,8908023,20000,2020-03-06,2020-04-20
1006050,8908023,20000.02,2020-03-06,2020-04-02
1006020,8908023,20000,2020-01-31,2020-03-31
1006020,8908023,20000,2020-01-31,2020-04-06
1006020,8908023,20000,2020-01-31,2020-03-17
1006020,8908023,10000,2020-01-31,2020-03-24
1005888,8908023,20000,2019-07-29,2019-09-10
1005888,8908023,20000,2019-07-29,2019-09-17
1005828,8908114,7500,2019-08-29,2019-09-09
1005584,8908023,20000,2019-09-12,2019-10-08
1005684,8908023,21000,2019-09-12,2019-10-15
1005684,8908023,21000,2019-09-12,2019-10-07
1005684,8908023,21000,2019-09-12,2019-10-01
1005888,8908023,20000,2019-09-18,2019-11-05
1005888,8908023,20000,2019-09-18,2019-11-12
1005888,8908023,20000,2019-09-18,2019-11-19
1005584,8908023,1400,2019-10-15,2019-10-16
1005448,8908112,11000,2019-11-01,2020-01-07
1005531,8902398,4000,2019-11-01,2019-12-17
1005783,8908672,20000,2019-11-28,2020-01-05
1005444,8902635,11200,2019-12-10,2020-02-03
1006020,8908023,20000,2019-12-27,2020-01-20
1006020,8908023,20000,2019-12-27,2020-02-03
1006020,8908023,20000,2019-12-27,2020-01-13
1006020,8908023,20000,2019-12-27,2020-02-04
1005969,8908023,21000,2020-01-16,2020-02-14
1006023,8902398,8100,2020-01-24,2020-04-06
1006050,8908023,20000,2020-01-24,2020-03-13
1005516,8905735,1850,2020-01-29,2020-04-01
1006018,8908748,20000,2020-05-07,2020-06-09
1006018,8908748,20000,2020-05-07,2020-06-16
1006019,8908749,20000,2020-06-16,2020-07-20
1006019,8908749,20000,2020-06-16,2020-07-24
1006019,8908749,20000,2020-06-16,2020-07-28
1006019,8908749,20000,2020-06-16,2020-08-01
1006019,8908749,20000,2020-06-16,2020-08-03
1006019,8908749,20000,2020-06-16,2020-08-05
1006019,8908749,20000,2020-06-16,2020-08-07
1005998,8909373,6500,2020-07-14,2020-10-10
1005781,8908023,10000,2020-01-27,2020-02-21
1005499,8907133,8800,2020-01-31,2020-03-03
1005499,8902398,1350,2020-01-31,2020-03-03
1005444,8902635,11400,2020-02-15,2020-05-04
1005521,8908024,11000,2019-07-18,2019-09-03
1005488,8908023,20500,2019-07-28,2019-09-16
1005488,8908023,20500,2019-07-28,2019-09-23
1005488,8908023,20500,2019-07-28,2019-09-02
1005488,8908023,20500,2019-07-28,2019-09-09
1005488,8908023,20500,2019-07-28,2019-09-11
1005486,8902398,2700,2019-07-08,2019-08-25
1005486,8902398,1350,2019-07-08,2019-09-14
1005435,8908023,20000,2019-07-08,2019-08-07
1005435,8908023,20000,2019-07-08,2019-08-08
1006019,8908749,20000,2019-11-28,2020-01-08
1006019,8908749,20000,2019-11-28,2020-01-23
1006019,8908749,20000,2019-11-28,2020-01-27
1006019,8908749,20000,2019-11-28,2020-01-31
1006019,8908749,20000,2019-11-28,2020-01-10
1006019,8908749,20000,2019-11-28,2020-01-13
1006019,8908749,20000,2019-11-28,2020-01-15
1006019,8908749,20000,2019-11-28,2020-01-20
1005516,8905735,1840,2019-12-17,2020-03-01
1006067,8908023,20000,2020-01-23,2020-01-31
1006067,8908023,20000,2020-01-23,2020-02-13
1006067,8908023,20000,2020-01-23,2020-02-22
1006069,8902635,21000,2020-01-23,2020-03-03
1005998,8909373,6300,2020-02-20,2020-05-02
1006019,8908749,20000,2020-02-28,2020-04-07
1006019,8908749,20000,2020-02-28,2020-04-21
1006019,8908749,20000,2020-02-28,2020-04-24
1006019,8908749,20000,2020-02-28,2020-04-13
1006019,8908749,20000,2020-02-28,2020-04-28
1005969,8908023,20000,2020-03-06,2020-03-25
1005543,8906381,850,2019-07-08,2019-07-24
1005488,8908023,20500,2019-08-29,2019-09-30
1005488,8908023,20500,2019-08-29,2019-10-04
1005488,8908023,20500,2019-08-29,2019-10-10
1005488,8908023,20500,2019-08-29,2019-10-17
1005488,8908023,20500,2019-08-29,2019-10-21
1005784,8908749,20000,2019-10-08,2019-11-08
1005784,8908749,20000,2019-10-08,2019-11-12
1005784,8908749,20000,2019-10-08,2019-11-15
1005784,8908749,20000,2019-10-08,2019-11-18
1005784,8908749,20000,2019-10-08,2019-11-21
1005784,8908749,20000,2019-10-08,2019-11-26
1005784,8908749,20000,2019-10-08,2019-11-29
1005784,8908749,20000,2019-10-08,2019-12-12
1005784,8908749,20000,2019-10-08,2019-11-05
1005495,8908112,10000,2019-10-22,2019-11-13
1006022,8902398,4000,2020-01-10,2020-02-10
1005781,8908023,10000,2020-02-20,2020-02-24
1006069,8902635,21000,2020-02-22,2020-04-10
1006069,8902635,21000,2020-02-22,2020-04-16
1006069,8902635,21000,2020-02-22,2020-04-22
1006067,8908023,20000,2020-02-22,2020-04-07
1006067,8908023,20000,2020-02-22,2020-04-11
1005782,8908748,20000,2019-10-08,2019-11-07
1005782,8908748,20000,2019-10-08,2019-11-11
1005782,8908748,20000,2019-10-08,2019-11-15
1005782,8908748,20000,2019-10-08,2019-11-19
1005782,8908748,20000,2019-10-08,2019-11-22
1005782,8908748,20000,2019-10-08,2019-11-26
1005782,8908748,20000,2019-10-08,2019-12-02
1005782,8908748,20000,2019-10-08,2019-12-06
1005488,8908023,20000,2019-10-17,2019-11-26
1005488,8908023,20000,2019-10-17,2019-11-29
1005488,8908023,20000,2019-10-17,2019-12-02
1005998,8909373,5400,2019-11-05,2020-01-20
1005998,8909373,5400,2019-11-05,2020-02-05
1005495,8908112,8500,2019-11-26,2019-12-13
1005584,8908023,20000,2019-11-26,2019-12-10
1005584,8908023,20000,2019-11-26,2019-12-31
1006018,8908748,20000,2019-11-28,2020-01-10
1006018,8908748,20000,2019-11-28,2020-01-23
1006018,8908748,20000,2019-11-28,2020-01-08
1006018,8908748,20000,2019-11-28,2020-01-13
1006018,8908748,20000,2019-11-28,2020-01-15
1006018,8908748,20000,2019-11-28,2020-01-20
1006018,8908748,20000,2019-11-28,2020-01-27
1006018,8908748,20000,2019-11-28,2020-01-31
1006019,8908749,20000,2020-01-27,2020-03-05
1005448,8908112,14400,2019-07-02,2019-07-23
1005507,8902635,21000,2019-07-08,2019-08-09
1005507,8902635,21000,2019-07-08,2019-08-21
1005447,8907133,5000,2019-12-27,2020-01-28
1005783,8908672,20000,2019-08-21,2019-09-03
1005531,8902398,3990,2019-08-22,2019-09-10
1005584,8908023,21000,2019-08-22,2019-09-17
1006050,8908023,20000,2020-01-31,2020-03-20
1006050,8908023,20000,2020-02-10,2020-03-25
1006050,8908023,20000,2020-02-10,2020-03-26
1006050,8908023,20000,2020-02-10,2020-04-01
1005781,8908023,20000,2020-02-28,2020-04-06
1005781,8908023,20000,2020-02-28,2020-04-16
1006020,8908023,20000,2020-02-28,2020-04-09
1006020,8908023,15000,2020-02-28,2020-04-28
1006020,8908023,15000,2020-02-28,2020-05-05
1005888,8908023,9000,2019-07-18,2019-09-06
1005495,8908112,10000.01,2020-03-06,2020-03-23
1005828,8908114,14000,2019-09-10,2019-09-24
1005447,8907133,4500,2019-10-02,2019-11-19
1005488,8908023,21000,2019-10-02,2019-11-15
1005488,8908023,20000,2019-10-30,2019-12-06
1005888,8908023,20000,2019-11-01,2019-11-18
1005888,8908023,20000,2019-11-01,2019-11-26
1005888,8908023,20000,2019-11-01,2019-12-03
1005888,8908023,20000,2019-11-01,2019-12-17
1005435,8908023,20000,2019-11-11,2019-11-19
1005435,8908023,20000,2019-11-11,2019-11-22
1005435,8908023,20000,2019-11-11,2019-11-25
1006020,8908023,20000,2020-01-16,2020-02-11
1006020,8908023,20000,2020-01-16,2020-02-18
1006020,8908023,20000,2020-01-16,2020-02-25
1006020,8908023,20000,2020-01-16,2020-02-26
1006020,8908023,9000,2020-01-16,2020-03-03
1006020,8908023,20000,2020-01-16,2020-03-10
1006022,8902398,4000,2020-01-16,2020-03-03
1005495,8908112,10000,2020-01-16,2020-02-25
1005486,8902398,1317,2019-10-16,2019-10-21
1005888,8908023,20000,2019-08-05,2019-09-09
1005888,8908023,20000,2019-08-05,2019-09-23
1005888,8908023,20000,2019-08-05,2019-09-24
1005888,8908023,20000,2019-08-05,2019-10-01
1005888,8908023,20000,2019-08-05,2019-10-08
1005495,8908111,6800,2019-10-30,2019-11-11
1005584,8908023,20000,2019-11-06,2019-12-09
1005969,8908023,21000,2020-01-15,2020-01-29
1005888,8908023,20000,2019-09-03,2019-10-15
1005888,8908023,20000,2019-09-03,2019-10-21
1005888,8908023,20000,2019-09-03,2019-10-22
1005888,8908023,20000,2019-09-03,2019-10-28
1005462,8902398,5600,2019-09-03,2019-11-11
1005516,8905735,1895,2019-09-03,2019-11-01
1005584,8908023,7200,2019-09-17,2019-09-24
1005584,8908023,20000,2019-09-17,2019-10-30
1005521,8908024,21000,2019-09-18,2019-12-09
1005488,8908023,20000,2019-11-21,2020-01-07
1005488,8908023,20000,2019-11-21,2019-12-17
1005488,8908023,20000,2019-11-21,2019-12-27
1005488,8908023,20000,2019-11-21,2020-01-03
1005435,8908023,20000,2019-09-19,2019-10-25
1005435,8908023,20000,2019-09-19,2019-10-17
1005435,8908023,20000,2019-09-19,2019-10-16
1005435,8908023,20000,2019-09-19,2019-09-10
1005495,8908111,12000,2019-11-05,2019-11-25
1005781,8908023,20000,2019-12-30,2020-02-13
1005435,8908023,20000,2019-09-12,2019-10-30
1005435,8908023,20000,2019-09-12,2019-11-05
1006050,8908023,20000,2020-01-10,2020-02-24
1006050,8908023,20000,2020-01-10,2020-02-17
1006018,8908748,10000,2020-02-20,2020-02-24
1006022,8902398,4000,2020-03-25,2020-05-12
1005998,8909373,2750.01,2020-03-25,2020-06-03
1006020,8908023,20000,2020-03-26,2020-05-16
1006020,8908023,20000,2020-03-26,2020-05-24
1006020,8908023,20000,2020-03-26,2020-05-20
1005499,8907133,6000,2019-02-20,2019-04-24
1005446,8908023,20000,2019-02-26,2019-04-16
1005446,8908023,20000,2019-02-26,2019-04-17
1005446,8908023,20000,2019-02-26,2019-04-24
1005448,8908112,20000,2019-03-05,2019-04-24
1005684,8908023,21000,2019-03-25,2019-05-08
1005447,8907133,4500,2019-04-02,2019-06-04
1005495,8908112,11000,2019-04-02,2019-05-09
1005782,8908748,20000,2019-04-02,2019-05-30
1005531,8902398,4100,2019-04-11,2019-05-07
1005432,8902635,21000,2019-04-30,2019-05-10
1005432,8902635,21000,2019-04-30,2019-05-23
1005782,8908748,20000,2019-04-30,2019-06-05
1005782,8908748,20000,2019-04-30,2019-06-13
1005782,8908748,20000,2019-04-30,2019-06-14
1005782,8908748,20000,2019-04-30,2019-06-17
1005782,8908748,20000,2019-04-30,2019-06-19
1005782,8908748,20000,2019-04-30,2019-06-24
1005782,8908748,20000,2019-04-30,2019-06-28
1005781,8908023,20000,2019-04-30,2019-06-14
1005784,8908749,21000,2019-04-30,2019-06-28
1005784,8908749,21000,2019-04-30,2019-06-17
1005784,8908749,21000,2019-04-30,2019-07-02
1005784,8908749,21000,2019-04-30,2019-06-07
1005784,8908749,21000,2019-04-30,2019-06-14
1005784,8908749,21000,2019-04-30,2019-06-21
1005784,8908749,21000,2019-04-30,2019-06-26
1005784,8908749,21000,2019-04-30,2019-06-25
1005488,8908023,21000,2019-05-13,2019-05-30
1005488,8908023,21000,2019-05-13,2019-06-07
1005447,8907133,4500,2019-05-24,2019-07-09
1005435,8908023,20000,2019-06-09,2019-07-03
1005435,8908023,20000,2019-06-09,2019-07-08
1005444,8902635,11000,2019-02-26,2019-04-22
1005444,8902635,11000,2019-02-26,2019-04-29
1005444,8902635,11000,2019-02-26,2019-05-06
1005444,8902635,11000,2019-02-26,2019-05-13
1005444,8902635,11000,2019-02-26,2019-05-20
1005444,8902635,11000,2019-03-22,2019-05-27
1005444,8902635,11000,2019-03-22,2019-06-03
1005444,8902635,11000,2019-03-22,2019-06-10
1005444,8902635,11000,2019-03-22,2019-06-17
1005462,8902398,12150,2019-03-22,2019-05-27
1005531,8902398,4100,2019-04-02,2019-05-21
1005462,8902398,8400,2019-04-25,2019-06-24
1005462,8902398,11200,2019-04-25,2019-07-01
1005684,8908023,20000,2019-05-06,2019-05-24
1005488,8908023,21000,2019-05-16,2019-06-06
1005488,8908023,21000,2019-05-16,2019-06-18
1005781,8908023,20000,2019-05-22,2019-06-21
1005784,8908749,21000,2019-05-22,2019-07-04
1005784,8908749,21000,2019-05-22,2019-07-08
1005784,8908749,21000,2019-05-22,2019-07-12
1005784,8908749,21000,2019-05-22,2019-07-17
1005784,8908749,21000,2019-05-22,2019-07-19
1005784,8908749,21000,2019-05-22,2019-07-24
1005784,8908749,21000,2019-05-22,2019-07-28
1005784,8908749,21000,2019-05-22,2019-08-02
1005784,8908749,21000,2019-05-22,2019-08-05
1005782,8908748,20000,2019-05-22,2019-08-02
1005782,8908748,20000,2019-05-22,2019-07-01
1005782,8908748,20000,2019-05-22,2019-07-28
1005782,8908748,20000,2019-05-22,2019-08-05
1005782,8908748,20000,2019-05-22,2019-07-03
1005782,8908748,20000,2019-05-22,2019-07-08
1005782,8908748,20000,2019-05-22,2019-07-11
1005782,8908748,20000,2019-05-22,2019-07-15
1005782,8908748,20000,2019-05-22,2019-07-22
1005781,8908023,20000,2019-05-22,2019-07-10
1005781,8908023,20000,2019-05-22,2019-07-17
1005507,8902635,21000,2019-05-24,2019-06-19
1005531,8902398,4100,2019-06-09,2019-07-30
1005543,8907133,3000,2019-06-09,2019-06-18
1005435,8908023,20000,2019-06-17,2019-07-31
1005435,8908023,20000,2019-06-17,2019-08-01
1005684,8908023,21000,2019-02-19,2019-04-10
1005684,8908023,21000,2019-02-19,2019-04-03
1005516,8905735,2850,2019-02-19,2019-05-15
1005486,8902635,2800,2019-02-19,2019-05-18
1005684,8908023,21000,2019-02-20,2019-04-24
1005462,8902398,4000,2019-10-01,2019-12-02
1005998,8909373,5840,2019-10-30,2019-11-07
1005462,8902398,5300,2019-11-01,2020-01-06
1005584,8908023,9500,2019-11-15,2019-11-20
1005507,8902635,21000,2019-11-15,2019-12-11
1005507,8902635,21000,2019-11-15,2019-12-19
1005507,8902635,21000,2019-11-15,2019-01-07
1006023,8902398,8100,2019-12-17,2020-03-02
1006019,8908749,20000,2019-12-30,2020-02-04
1006019,8908749,20000,2019-12-30,2020-02-07
1006019,8908749,20000,2019-12-30,2020-02-11
1006019,8908749,20000,2019-12-30,2020-02-19
1006019,8908749,20000,2019-12-30,2020-02-14
1006019,8908749,20000,2019-12-30,2020-02-24
1006018,8908748,20000,2019-12-30,2020-02-06
1006018,8908748,20000,2019-12-30,2020-02-18
1006018,8908748,20000,2019-12-30,2020-02-10
1006018,8908748,20000,2019-12-30,2020-02-14
1006018,8908748,20000,2019-12-30,2020-02-21
1005782,8908748,20000,2019-11-07,2019-12-13
1005782,8908748,20000,2019-11-07,2019-12-20
1005782,8908748,20000,2019-11-07,2019-12-24
1005782,8908748,20000,2019-11-07,2019-12-27
1005782,8908748,20000,2019-11-07,2019-12-09
1005782,8908748,20000,2019-11-07,2019-12-11
1006023,8902398,4000,2019-12-02,2020-02-10
1005447,8907133,6000,2019-12-11,2019-12-30
1005784,8908749,21000,2019-07-18,2019-09-24
1005784,8908749,21000,2019-07-18,2019-09-28
1005784,8908749,21000,2019-07-18,2019-10-03
1005784,8908749,21000,2019-07-18,2019-09-12
1005784,8908749,21000,2019-07-18,2019-09-16
1005784,8908749,21000,2019-07-18,2019-09-20
1005784,8908749,21000,2019-07-18,2019-09-02
1005784,8908749,21000,2019-07-18,2019-09-06
1005782,8908748,20000,2019-07-18,2019-09-22
1005782,8908748,20000,2019-07-18,2019-09-27
1005782,8908748,20000,2019-07-18,2019-10-04
1005782,8908748,20000,2019-07-18,2019-09-10
1005782,8908748,20000,2019-07-18,2019-09-13
1005782,8908748,20000,2019-07-18,2019-09-18
1005448,8908112,20000,2019-07-18,2019-09-02
1005447,8907133,9000,2020-02-13,2020-03-24
1005432,8902635,21000,2019-07-30,2019-09-09
1005584,8908023,21000,2019-07-30,2019-09-10
1005486,8902398,5400,2019-08-08,2019-10-07
1006050,8908023,20000,2019-12-23,2020-01-27
1006050,8908023,20000,2019-12-23,2020-02-03
1006050,8908023,20000,2019-12-23,2020-02-10
1005969,8908023,20000,2020-02-20,2020-03-12
1005969,8908023,21000,2020-01-16,2020-02-07
1006020,8908023,20000,2019-12-02,2019-12-30
1006020,8908023,20000,2019-12-02,2020-01-08
1006020,8908023,20000,2019-12-02,2020-01-09
1006020,8908023,20000,2019-12-02,2020-01-14
1006020,8908023,20000,2019-12-02,2020-01-21
1006022,8902398,4000,2019-12-02,2020-01-28
1005444,8902635,11500,2019-08-28,2019-09-30
1005784,8908749,21501,2019-09-12,2019-10-02
1005784,8908749,21500,2019-09-12,2019-10-08
1005784,8908749,21500,2019-09-12,2019-10-11
1005784,8908749,16000,2019-09-12,2019-10-15
1005784,8908749,21500,2019-09-12,2019-10-29
1005784,8908749,21500,2019-09-12,2019-10-18
1005784,8908749,21500,2019-09-12,2019-10-22
1005784,8908749,21500,2019-09-12,2019-10-25
1005783,8908672,20000,2019-09-23,2019-10-06
1005888,8908023,20000,2019-10-02,2019-11-19
1005888,8908023,20000,2019-10-02,2019-11-06
1005516,8905735,1840,2019-11-01,2020-01-15
1006010,8909286,1400,2019-11-08,2020-01-06
1005447,8907133,4500,2019-11-11,2019-12-10
1005781,8908023,20000,2019-11-28,2020-01-27
1005781,8908023,20000,2019-11-28,2020-01-08
1005435,8908023,20000,2019-10-02,2019-11-14
1005435,8908023,20000,2019-10-02,2019-11-16
1005435,8908023,20000,2019-10-02,2019-11-11
1006067,8908023,20000,2020-02-04,2020-03-10
1006067,8908023,20000,2020-02-04,2020-03-15
1006067,8908023,20000,2020-02-10,2020-03-23
1006019,8908749,20000,2020-02-18,2020-03-20
1006019,8908749,20000,2020-02-18,2020-03-11
1006019,8908749,20000,2020-02-18,2020-03-24
1006019,8908749,20000,2020-02-18,2020-03-27
1006019,8908749,20000,2020-02-18,2020-03-31
1006019,8908749,20000,2020-02-18,2020-03-05
1006019,8908749,20000,2020-02-18,2020-03-16
1005781,8908023,10000,2020-03-04,2020-03-10
1006018,8908748,10000,2020-03-04,2020-03-17
1005521,8908024,15000,2020-02-28,2020-06-08
1005448,8908112,20000,2019-04-11,2019-06-04
1005448,8908112,20000,2019-04-11,2019-05-14
1005446,8908023,20000,2019-04-11,2019-05-22
1005452,8908112,11000,2019-04-25,2019-06-04
1005452,8908112,11000,2019-04-30,2019-06-11
1005435,8908023,20000,2019-04-30,2019-05-29
1005435,8908023,20000,2019-04-30,2019-05-30
1005435,8908023,20000,2019-04-30,2019-06-06
1005435,8908023,20000,2019-04-30,2019-06-19
1005531,8902398,4100,2019-05-17,2019-07-02
1005448,8908112,20000,2019-05-17,2019-07-02
1005444,8902635,11200,2019-05-22,2019-07-22
1005444,8902635,11200,2019-05-22,2019-07-29
1005444,8902635,11200,2019-05-22,2019-08-05
1005444,8902635,11200,2019-05-22,2019-08-12
1005444,8902635,11200,2019-05-22,2019-08-19
1005446,8908023,20000,2019-05-24,2019-07-02
1005446,8908023,20000,2019-05-24,2019-07-10
1005447,8907133,4500,2019-06-09,2019-07-30
1005782,8908748,20000,2019-03-20,2019-05-01
1005782,8908748,20000,2019-03-20,2019-05-05
1005782,8908748,20000,2019-03-20,2019-05-10
1005782,8908748,20000,2019-03-20,2019-05-15
1005782,8908748,20000,2019-03-20,2019-05-19
1005782,8908748,20000,2019-03-20,2019-05-22
1005782,8908748,20000,2019-03-20,2019-05-25
1005783,8908672,20000,2019-03-20,2019-05-05
1005783,8908672,19500,2019-07-18,2019-08-06
1005499,8907133,9000,2019-07-23,2019-08-19
1006068,8908023,20000,2020-01-23,2020-02-20
1006068,8908023,20000,2020-01-23,2020-02-21
1006068,8908023,20000,2020-01-23,2020-03-10
1006069,8902635,11500,2020-02-25,2020-04-27
1005543,8906381,901,2020-03-05,2020-05-15
1005499,8907133,9000,2020-03-13,2020-04-15
1005435,8908023,20000,2019-08-22,2019-09-16
1005784,8908749,21500,2019-09-24,2019-10-25
1005784,8908749,21500,2019-09-24,2019-10-28
1005782,8908748,20000,2019-06-23,2019-08-30
1005782,8908748,20000,2019-06-23,2019-08-10
1005782,8908748,20000,2019-06-23,2019-08-13
1005782,8908748,20000,2019-06-23,2019-08-23
1005782,8908748,20000,2019-06-23,2019-09-02
1005781,8908023,20000,2019-06-23,2019-08-13
1005781,8908023,20000,2019-06-23,2019-08-31
1005784,8908749,21000,2019-06-23,2019-08-05
1005784,8908749,21000,2019-06-23,2019-08-09
1005784,8908749,21000,2019-06-23,2019-08-13
1005784,8908749,21000,2019-06-23,2019-08-14
1005784,8908749,21000,2019-06-23,2019-08-23
1005784,8908749,21000,2019-06-23,2019-08-26
1005784,8908749,21000,2019-06-23,2019-08-30
1005888,8908023,20000,2019-06-23,2019-08-20
1005888,8908023,20000,2019-06-23,2019-08-27
1005531,8902398,4100,2019-06-23,2019-08-20
1005447,8907133,4500,2019-06-23,2019-08-20
1005684,8908023,21000,2019-06-24,2019-07-15
1005684,8908023,21000,2019-06-24,2019-08-13
1005684,8908023,21000,2019-06-24,2019-08-27
1005684,8908023,21000,2019-06-24,2019-09-03
1005684,8908023,21000,2019-06-24,2019-08-20
1005684,8908023,21000,2019-06-24,2019-09-19
1005684,8908023,21000,2019-06-24,2019-08-06
1005684,8908023,21000,2019-06-24,2019-08-08
1005444,8902635,11200,2019-06-25,2019-08-26
1005444,8902635,11200,2019-06-25,2019-09-02
1005444,8902635,11200,2019-06-25,2019-09-09
1005444,8902635,11200,2019-06-25,2019-09-16
1005432,8902635,21000,2019-02-26,2019-04-16
1005432,8902635,21000,2019-02-26,2019-04-19
1005446,8908023,20000,2019-03-22,2019-05-14
1005446,8908023,20000,2019-03-22,2019-05-02
1005446,8908023,20000,2019-03-22,2019-04-25
1006018,8908748,20000,2020-02-28,2020-04-16
1006018,8908748,20000,2020-02-28,2020-04-21
1006018,8908748,20000,2020-02-28,2020-04-07
1006018,8908748,20000,2020-02-28,2020-04-10
1006018,8908748,20000,2020-02-28,2020-04-14
1006018,8908748,20000,2020-02-28,2020-04-24
1006018,8908748,20000,2020-02-28,2020-04-28
1005998,8909373,6300,2020-03-02,2020-05-17
1005781,8908023,20000,2020-03-26,2020-05-21
1005495,8908111,10000,2020-04-08,2020-05-12
1006010,8909286,800,2019-12-10,2020-01-10
1006020,8908023,20000,2019-12-11,2020-01-27
1006020,8908023,9000,2020-01-14,2020-01-20
1005495,8908112,14400,2019-07-08,2019-07-26
1005516,8905735,1877,2019-07-08,2019-09-10
